ingredient_name,purposes
"1,2,6-헥산트라이올",용제
"1,2-부탄다이올",용제
"1,2-헥산다이올",용제
"1,2-헵탄다이올",용제
"1,4-부탄다이올",용제
"1,5-펜탄다이올",용제
"2,3-부탄다이올",용제
"2-브로모-2-나이트로프로판-1,3-디올",보존제
2-아미노부탄올,pH 조정제
2-에틸헥실알,용제
3-메톡시부탄올,용제
3-아미노-2-부탄올,pH 조정제
4-터피네올,향료
4-하이드록시벤조익애씨드,보존제
"5-브로모-5-나이트로-1,3-디옥산",보존제
C1-5알킬갈락토만난,점증제
C10-11아로마틱하이드로카본,용제
C10-11아이소알케인,용제
C10-12아이소알케인,용제
C10-12알케인/사이클로알케인,용제
C10-13아이소알케인,용제
C10-13알케인,용제
C10-14알킬폴리프로판다이올-3미리스테이트,용제
C10-16알킬글루코사이드,유화제
C10-18트라이글리세라이즈,용제
C10-30콜레스테롤/라노스테롤에스터,점증제
C10-40아이소알킬애씨드글리세라이드,유화제
C11-12아이소알케인,용제
C11-13아이소알케인,용제
C11-14아이소알케인,용제
C11-14알케인/사이클로알케인,용제
C11-15Sec-알케스-12,유화제
C11-15알케스-12,유화제
C11-15알케스-15,유화제
C11-15알케스-20,유화제
C11-15알케스-3,유화제
C11-15알케스-5,유화제
C11-15알케스-7,유화제
C11-15알케스-9,유화제
C11-15알케인/사이클로알케인,용제
C12-13알케스-10,유화제
C12-13알케스-10포스페이트,유화제
C12-13알케스-15,유화제
C12-13알케스-2,유화제
C12-13알케스-3,유화제
C12-13알케스-4,유화제
C12-13알케스-5,유화제
C12-13알케스-6,유화제
C12-13알케스-7,유화제
C12-13알케스-9,유화제
C12-13알케인/사이클로알케인,용제
C12-14Sec-알케스-12,유화제
C12-14Sec-알케스-15,유화제
C12-14Sec-알케스-20,유화제
C12-14Sec-알케스-3,유화제
C12-14Sec-알케스-30,유화제
C12-14Sec-알케스-40,유화제
C12-14Sec-알케스-5,유화제
C12-14Sec-알케스-50,유화제
C12-14Sec-알케스-7,유화제
C12-14Sec-알케스-8,유화제
C12-14Sec-알케스-9,유화제
C12-14아이소알케인,용제
C12-14알케스-12,유화제
C12-14알케스-3,유화제
C12-14알케스-7,유화제
C12-14알킬다이아미노에틸글라이신에이치씨엘,유화제
C12-15알케스-10,유화제
C12-15알케스-10포스페이트,유화제
C12-15알케스-11,유화제
C12-15알케스-12,유화제
C12-15알케스-2,유화제
C12-15알케스-2포스페이트,유화제
C12-15알케스-3,유화제
C12-15알케스-3포스페이트,유화제
C12-15알케스-4,유화제
C12-15알케스-5,유화제
C12-15알케스-6포스페이트,유화제
C12-15알케스-7,유화제
C12-15알케스-8포스페이트,유화제
C12-15알케스-9,유화제
C12-15알케스-9포스페이트,유화제
C12-15알케인/사이클로알케인/아로마틱하이드로카본,용제
C12-16알케스-5,유화제
C12-16알케스-6포스페이트,유화제
C12-16알케스-7,유화제
C12-16알케스-9,유화제
C12-16알코올,점증제
C12-18애씨드트라이글리세라이드,용제
C12-20아이소알케인,용제
C12-20알킬글루코사이드,유화제
C12-20애씨드피이지-8에스터,유화제
C13-14아이소알케인,용제
C13-14알케인,용제
C13-15알케인,용제
C13-16아이소알케인,용제
C14-15알케스-11,유화제
C14-15알케스-12,유화제
C14-15알케스-13,유화제
C14-15알케스-4,유화제
C14-15알케스-7,유화제
C14-17알케인,용제
C14-19알케인,용제
C14-20알케인,용제
C14-22알케인,용제
C15-19아이소알케인,용제
C15-19알케인,용제
C15-23알케인,용제
C16-17알킬벤조에이트,용제
C18-21알케인,용제
C18-24아이소알케인,용제
C18-36애씨드글라이콜에스터,유화제
C18-38알킬하이드록시스테아로일스테아레이트,점증제
C18-50아이소알케인,용제
C20-22알케스-30,유화제
C20-22알코올,점증제
C20-22알킬포스페이트,유화제
C20-40아이소알케인,용제
C20-40알케스-10,유화제
C20-40알케스-24,유화제
C20-40알케스-3,유화제
C30-38올레핀/아이소프로필말리에이트/엠에이코폴리머,유화제
C30-50알케스-10,유화제
C30-50알케스-3,유화제
C30-50알코올,점증제
C40-60알케스-10,유화제
C40-60알케스-3,유화제
C40-60알코올,점증제
C6-10알케스-4포스페이트,유화제
C6-12퍼플루오로알킬에탄올,용제
C6-8알킬C3-6알킬글루코사이드다이메티콘,유화제
C7-8아이소알케인,용제
C8-10알케인/사이클로알케인/아로마틱하이드로카본,용제
C8-12애씨드트라이글리세라이드,용제
C8-9아이소알케인,용제
C9-10아로마틱하이드로카본,용제
C9-10알케인/사이클로알케인,용제
C9-11아이소알케인,용제
C9-11알케스-3,유화제
C9-11알케스-6,유화제
C9-11알케스-8,유화제
C9-11알케인/사이클로알케인,용제
C9-12알케인,용제
C9-13아이소알케인,용제
C9-14아이소알케인,용제
C9-15알케스-8,유화제
C9-15알킬포스페이트,유화제
C9-16아이소알케인,용제
C9-16알케인/사이클로알케인,용제
N-스테아로일세린올,유화제
N-올레일하이드록시헥산아마이드,유화제
o-사이멘-5-올,보존제
o-페닐페놀,보존제
p-아니식애씨드,향료
p-클로로-m-크레졸,보존제
t-부틸알코올,용제
가르시니아열매껍질추출물,pH 조정제
가티검,유화제
갈락투로닉애씨드,pH 조정제
경옥가루,pH 조정제
구아니딘카보네이트,pH 조정제
귀리씨수,용제
글라이코퓨롤,용제
글라이콜,용제
글라이콜릭애씨드,pH 조정제
글라이콜스테아레이트에스이,유화제
글라이콜에틸헥사노에이트,유화제
글루코사민에이치씨엘,pH 조정제
글루코헵토닉애씨드,pH 조정제
글루쿠로닉애씨드,pH 조정제
글루타랄,보존제
글루타릭애씨드,pH 조정제
글리세레스-17코코에이트,유화제
글리세레스-17탈로우에이트,유화제
글리세레스-18벤조에이트,용제
글리세레스-20벤조에이트,용제
글리세레스-20스테아레이트,유화제
글리세레스-2코코에이트,유화제
글리세레스-3,유화제
글리세레스-5락테이트,용제
글리세레스-5코코에이트,유화제
글리세레스-6라우레이트,유화제
글리세레스-7다이아이소노나노에이트,용제
글리세레스-7락테이트,용제
글리세레스-7벤조에이트,용제
글리세레스-7카프릴레이트/카프레이트,유화제
글리세레스-7트라이아세테이트,용제
글리세릴/솔비톨올리에이트/하이드록시스테아레이트,유화제
글리세릴라놀레이트,유화제
글리세릴라우레이트,유화제
글리세릴라우레이트/올리에이트,유화제
글리세릴라우레이트에스이,유화제
글리세릴라우릴에터,유화제
글리세릴로지네이트,유화제
글리세릴리놀리네이트,유화제
글리세릴리놀리에이트,유화제
글리세릴리시놀리에이트,유화제
글리세릴리시놀리에이트에스이,유화제
글리세릴몬타네이트,유화제
글리세릴미리스테이트,유화제
글리세릴베헤네이트,유화제
글리세릴베헤네이트/에이코사디오에이트,유화제
글리세릴스테아레이트,유화제
글리세릴스테아레이트/말레이트,유화제
글리세릴스테아레이트시트레이트,유화제
글리세릴스테아레이트에스이,유화제
글리세릴아라키데이트,유화제
글리세릴아이소스테아레이츠,유화제
글리세릴아이소스테아레이트,유화제
글리세릴아이소스테아레이트/미리스테이트,유화제
글리세릴아이소트라이데카노에이트/스테아레이트/아디페이트,유화제
글리세릴아이소팔미테이트,유화제
글리세릴에루케이트,유화제
글리세릴올리베이트,유화제
글리세릴올리베이트올리에이트에스톨라이드,유화제
글리세릴올리에이트,유화제
글리세릴올리에이트/엘라이데이트,유화제
글리세릴올리에이트시트레이트,유화제
글리세릴올리에이트에스이,유화제
글리세릴운데실다이메티콘,유화제
글리세릴운데실레네이트,유화제
글리세릴카프레이트,유화제
글리세릴카프릴레이트,유화제
글리세릴카프릴레이트/카프레이트,유화제
글리세릴카프릴에터,유화제
글리세릴코코에이트,유화제
글리세릴탈로우에이트,유화제
글리세릴테트라하이드로파네실아세테이트,유화제
글리세릴트라이-하이드로제네이티드로지네이트,유화제
글리세릴티오글라이콜레이트,용제
글리세릴팔미테이트,유화제
글리세릴팔미테이트/스테아레이트,유화제
글리세릴팔미톨리에이트,유화제
글리세릴펜타데카노에이트,유화제
글리세릴하이드로제네이티드레이프씨데이트,유화제
글리세릴하이드로제네이티드로지네이트,유화제
글리세릴하이드록시스테아레이트,유화제
글리세릴헵타노에이트,유화제
글리옥실릭애씨드,pH 조정제
꿀,용제
나이트릭애씨드,용제
난황추출물,유화제
네오펜틸글라이콜,용제
노네스-8,유화제
노녹시놀-1,유화제
노녹시놀-10,유화제
노녹시놀-10포스페이트,유화제
노녹시놀-11,유화제
노녹시놀-12,유화제
노녹시놀-14,유화제
노녹시놀-15,유화제
노녹시놀-18,유화제
노녹시놀-2,유화제
노녹시놀-20,유화제
노녹시놀-3포스페이트,유화제
노녹시놀-4,유화제
노녹시놀-5,유화제
노녹시놀-6,유화제
노녹시놀-8,유화제
노녹시놀-9,유화제
노닐노녹시놀-10,유화제
노닐노녹시놀-10포스페이트,유화제
노닐노녹시놀-11포스페이트,유화제
녹차추출물,향료
눈꽃동충하초/포도/오이즙추출물발효여과물,pH 조정제
다이-C12-15알케스-2포스페이트,유화제
다이-C12-15알케스-4포스페이트,유화제
다이-C12-15알케스-6포스페이트,유화제
다이-C12-15알케스-8포스페이트,유화제
다이-C12-15알킬말레이트,용제
다이-피피지-3미리스틸에터아디페이트,용제
다이글리세린/다이리놀레익애씨드/하이드록시스테아릭애씨드코폴리머,유화제
다이글리세릴솔비탄테트라에틸헥사노에이트,유화제
다이노녹시놀-4포스페이트,유화제
다이노녹시놀-9시트레이트,유화제
다이라우레스-10포스페이트,유화제
다이라우레스-4-포스페이트,유화제
다이라우레스-7시트레이트,유화제
다이메티콘,용제
다이메티콘/폴리글리세린-3크로스폴리머,유화제
다이메티콘/피이지-10크로스폴리머,유화제
다이메티콘/피이지-15크로스폴리머,유화제
다이메티콘피이지-10포스페이트,유화제
다이메티콘피이지-15아세테이트,유화제
다이메티콘피이지-7운데실레네이트,유화제
다이메티콘피이지-7코코에이트,유화제
다이메티콘피이지-7포스페이트,유화제
다이메티콘피이지-8비즈왁스,유화제
다이메티콘피이지/피피지-12/4포스페이트,유화제
다이메티콘피이지/피피지-7/4포스페이트,유화제
다이메틸글루카민,pH 조정제
다이메틸글루타레이트,용제
다이메틸라우라마이드/미리스타마이드,유화제
다이메틸말리에이트,용제
다이메틸석시네이트,용제
다이메틸설폰,용제
다이메틸아디페이트,용제
다이메틸에터,용제
다이메틸엠이에이,pH 조정제
다이메틸옥살레이트,용제
다이메틸옥시네다이올,유화제
다이메틸카보네이트,용제
다이메틸카프라마이드,용제
다이메틸프탈레이트,용제
다이미리스틸포스페이트,유화제
다이부틸세바케이트,용제
다이부틸아디페이트,용제
다이부틸에탄올아민,pH 조정제
다이부틸옥살레이트,용제
다이부틸옥틸말레이트,용제
다이부틸옥틸세바케이트,용제
다이세테아레스-10포스페이트,유화제
다이세틸포스페이트,유화제
다이소듐데실페닐에터다이설포네이트,유화제
다이소듐라우레스-7시트레이트,유화제
다이소듐라우로암포다이아세테이트라우로일사코시네이트,유화제
다이소듐라우릴글루코사이드하이드록시프로필시트레이트,유화제
다이소듐라우릴페닐에터다이설포네이트,유화제
다이소듐라우릴포스페이트,유화제
다이소듐바바수아미도엠이에이-설포석시네이트,유화제
다이소듐세테아릴설포석시네이트,유화제
다이소듐세틸페닐에터다이설포네이트,유화제
다이소듐시토스테레스-14설포석시네이트,유화제
다이소듐올레일포스페이트,유화제
다이소듐코세스-3설포석시네이트,유화제
다이소듐코카미노프로필이미노다이아세테이트,유화제
다이소듐코코-글루코사이드설포석시네이트,유화제
다이소듐코코-글루코사이드시트레이트,유화제
다이소듐타트레이트,pH 조정제
다이소듐파이로포스페이트,pH 조정제
다이소듐포스페이트,pH 조정제
다이소듐푸마레이트,pH 조정제
다이소듐피이지-5라우릴시트레이트설포석시네이트,유화제
다이소듐피이지-8글리세릴카프릴레이트/카프레이트,유화제
다이소듐피이지-8리시노석시네이트,유화제
다이스테아라미도프로필메틸아민,유화제
다이스테아로일아이소프로필다이모늄메토설페이트,유화제
다이스테아릴다이모늄클로라이드,유화제
다이아세톤알코올,용제
다이아세틴,용제
다이아이소노닐아디페이트,용제
다이아이소데실아디페이트,용제
다이아이소부틸아디페이트,용제
다이아이소부틸옥살레이트,용제
다이아이소세틸도데케인다이오에이트,유화제
다이아이소세틸아디페이트,용제
다이아이소스테아릴말레이트,용제
다이아이소아밀말레이트,용제
다이아이소아밀석시네이트,용제
다이아이소옥틸아디페이트,용제
다이아이소프로필세바케이트,용제
다이아이소프로필아디페이트,용제
다이아이소프로필옥살레이트,용제
다이에톡시다이글라이콜,용제
다이에톡시에틸석시네이트,용제
다이에틸렌글라이콜,용제
다이에틸석시네이트,용제
다이에틸세바케이트,용제
다이에틸아미노에틸스테아레이트,유화제
다이에틸아미노에틸코코에이트,유화제
다이에틸아미노에틸피이지-5라우레이트,유화제
다이에틸아미노에틸피이지-5코코에이트,유화제
다이에틸옥살레이트,용제
다이에틸프탈레이트,용제
"다이에틸헥실2,6-나프탈레이트",용제
다이에틸헥실석시네이트,용제
다이에틸헥실세바케이트,용제
다이에틸헥실아디페이트,용제
다이옥솔레인,용제
다이옥틸도데실세바케이트,용제
다이올레스-8포스페이트,유화제
다이올레오일에데톨모늄메토설페이트,유화제
다이올레일포스페이트,유화제
다이클로로벤질알코올,보존제
다이트라이데실아디페이트,용제
다이트라이메틸롤프로판아이소스테아레이트/세바케이트,용제
다이페닐메탄,용제
다이펜타에리스리틸펜타아이소스테아레이트,용제
다이포타슘포스페이트,pH 조정제
다이프로필렌글라이콜,용제
다이프로필렌글라이콜다이메틸에터,용제
다이프로필렌트라이아민,pH 조정제
다이프로필아디페이트,용제
다이프로필옥살레이트,용제
다이하이드로제네이티드탈로우프탈릭애씨드아마이드,유화제
다이하이드로콜레스-15,유화제
다이하이드로콜레스-20,유화제
다이하이드로콜레스-30,유화제
다이하이드록시프로필미리스타민,유화제
다이헥실데실세바케이트,용제
다이헥실아디페이트,용제
다이헵틸운데실아디페이트,용제
닥튈리오솔렌 프라길리씨무스추출물,pH 조정제
당귤껍질추출물,유화제
데세스-10,유화제
데세스-3,유화제
데세스-4,유화제
데세스-4포스페이트,유화제
데세스-5,유화제
데세스-6,유화제
데세스-6포스페이트,유화제
데세스-7,유화제
데세스-8,유화제
데세스-9,유화제
데센,용제
데실코코에이트,용제
데실테트라데세스-20,유화제
데실테트라데세스-25,유화제
데실폴리글리세릴-3다이메티콘,유화제
데카플루오로펜탄,용제
데케인,용제
데토눌라 푸밀라추출물,pH 조정제
데하이드로아세틱애씨드,보존제
덱스트린라우레이트,유화제
덱스트린미리스테이트,유화제
덱스트린베헤네이트,유화제
덱스트린스테아레이트,유화제
덱스트린팔미테이트,유화제
덱스트린팔미테이트/에틸헥사노에이트,유화제
도데센,용제
도데실헥사데실트라이모늄클로라이드,유화제
도독시놀-12,유화제
도독시놀-13,유화제
도독시놀-5,유화제
도독시놀-6,유화제
도독시놀-7,유화제
도독시놀-9,유화제
돌콩단백질,유화제
디메칠옥사졸리딘,보존제
디아졸리디닐우레아,보존제
디에이티이엠,유화제
디엠디엠하이단토인,보존제
디오도라이즈드케로신,용제
디튈룸 브리그트웰리이추출물,pH 조정제
땅콩오일피이지-6에스터,유화제
라네스-10,유화제
라네스-15,유화제
라네스-16,유화제
라네스-5,유화제
라놀린,유화제
라우다이모늄클로로하이드록시프로필클로라이드,유화제
라우다이모늄하이드록시프로필코코글루코사이드클로라이드,유화제
라우라마이드디파,유화제
라우라미노프로필렌글라이콜,유화제
라우랄코늄클로라이드,보존제
라우레스-1,유화제
라우레스-10,유화제
라우레스-11,유화제
라우레스-12,유화제
라우레스-13,유화제
라우레스-14,유화제
라우레스-15,유화제
라우레스-16,유화제
라우레스-2,유화제
라우레스-3,유화제
라우레스-4,유화제
라우레스-5,유화제
라우레스-50,유화제
라우레스-6,유화제
라우레스-7,유화제
라우레스-8,유화제
라우레스-9,유화제
라우로일락틸릭애씨드,유화제
라우릴/미리스틸글라이콜하이드록시프로필에터,유화제
라우릴/미리스틸밀겨/짚글라이코사이드,유화제
라우릴글라이콜하이드록시프로필에터,유화제
라우릴다이메티콘/폴리글리세린-3크로스폴리머,유화제
라우릴다이메티콘피이지-10포스페이트,유화제
라우릴다이메티콘피이지-15크로스폴리머,유화제
라우릴포스페이트,유화제
라우릴폴리글리세릴-3폴리다이메틸실록시에틸다이메티콘,유화제
라우릴폴리글리세릴-6세테아릴글라이콜에터,유화제
라우릴피이지-10메틸에터다이메티콘,유화제
라우릴피이지-10트리스(트라이메틸실록시)실릴에틸다이메티콘,유화제
라우릴피이지-8다이메티콘,유화제
라우릴피이지-8피피지-8다이메티콘,유화제
라우릴피이지-9폴리다이메틸실록시에틸다이메티콘,유화제
라우릴피이지/피피지-18/18메티콘,유화제
라우릴피지-다이모늄클로라이드,유화제
라우트라이모늄클로라이드,유화제
라이소레시틴,유화제
라이소포스파티딜글리세롤,유화제
라즈베리씨오일피이지-8에스터즈,유화제
라피노오스미리스테이트,유화제
라피노오스올리에이트,유화제
락토바이오닉애씨드,pH 조정제
락틱애씨드,pH 조정제
람노리피드,유화제
레시틴,유화제
레이프씨드글리세라이드,유화제
렙토퀼린드루스 다니쿠스추출물,pH 조정제
리그닌/셀룰로오스,유화제
리모넨,용제
리보닉애씨드,pH 조정제
리튬카보네이트,pH 조정제
리튬하이드록사이드,pH 조정제
마그네슘벤조에이트,보존제
마그네슘살리실레이트,보존제
마그네슘옥사이드,pH 조정제
마그네슘카보네이트하이드록사이드,pH 조정제
마그네슘코세스설페이트,유화제
마그네슘티오글라이콜레이트,용제
마그네슘프로피오네이트,보존제
마그네슘피이지-3코카마이드설페이트,유화제
마그네슘하이드록사이드,pH 조정제
마드후카 롱기폴리아소포로리피드,유화제
마카다미아씨오일/하이드로제네이티드마카다미아씨오일에스터,점증제
마카다미아씨오일피이지-8에스터,유화제
만노실에리스리톨리피드,유화제
만니탄라우레이트,유화제
만니탄올리에이트,유화제
말레익애씨드,pH 조정제
말로닉애씨드,pH 조정제
말리에이티드헥센/프로필렌코폴리머,유화제
말릭애씨드,pH 조정제
말토바이오닉애씨드,pH 조정제
메록사폴106,유화제
메록사폴108,유화제
메록사폴174,유화제
메록사폴251,유화제
메록사폴252,유화제
메록사폴311,유화제
메록사폴312,유화제
메칠이소치아졸리논,보존제
메칠클로로이소치아졸리논,보존제
메타포스포릭애씨드,pH 조정제
메텐아민,보존제
메톡시메틸부탄올,용제
메톡시아이소프로판올,용제
메톡시아이소프로필아세테이트,용제
메톡시피이지-10,용제
메톡시피이지-100,용제
메톡시피이지-100/폴리엡실론카프로락톤에틸헥사노에이트,pH 조정제
메톡시피이지-100/폴리엡실론카프로락톤팔미테이트,pH 조정제
메톡시피이지-114/폴리엡실론카프로락톤,pH 조정제
메톡시피이지-16,용제
메톡시피이지-22/도데실글라이콜코폴리머,점증제
메톡시피이지-25,용제
메톡시피이지-40,용제
메톡시피이지-7,용제
메톡시피이지/피피지-25/4다이메티콘,유화제
메틸글루세스-20벤조에이트,용제
메틸글루카민,pH 조정제
메틸글루코오스다이올리에이트/하이드록시스테아레이트,유화제
메틸락테이트,용제
메틸벤조에이트,용제
메틸벤질아세테이트,용제
메틸부텐,용제
메틸선플라워씨데이트,용제
메틸아세테이트,용제
메틸아이소부틸글리세롤폼알,용제
메틸알,용제
메틸알코올,용제
메틸에탄올아민,pH 조정제
메틸트라이메티콘,용제
메틸티오글라이콜레이트,용제
메틸파라벤,보존제
메틸퍼플루오로부틸에터,용제
메틸퍼플루오로아이소부틸에터,용제
메틸프로판다이올,용제
메틸피롤리돈,용제
메틸헥실에터,용제
메틸헵틸펠라고네이트,용제
멘톤글리세린아세탈,향료
멘틸락테이트,향료
모노글리세라이즈시트레이트,유화제
모노소듐시트레이트,pH 조정제
목서꽃추출물,향료
몬모릴로나이트,점증제
몰약오일,향료
몽곤고커넬오일폴리글리세릴-6에스터즈,유화제
무스텔릭/팔미틱트라이글리세라이드,용제
무환자나무열매추출물,용제
물냉이꽃/잎추출물,향료
물냉이추출물,향료
미네랄스피리트,용제
미네랄오일,용제
미네랄워터,용제
미레스-10,유화제
미레스-2,유화제
미레스-3,유화제
미레스-3카복실릭애씨드,유화제
미레스-4,유화제
미레스-5,유화제
미르트라이모늄브로마이드,보존제
미리스타미도부틸구아니딘아세테이트,유화제
미리스타미도프로필베타인,점증제
미리스타미도프로필피지-다이모늄클로라이드포스페이트,유화제
미리스토일락틸릭애씨드,유화제
미리스토일메틸베타-알라닌,유화제
미리스토일에틸글루코사이드,유화제
미리스트/팔미타미도부틸구아니딘아세테이트,유화제
미리스틸라우레이트,유화제
미리스틸알라니네이트,유화제
미리스틸알코올,향료
미비케이,용제
밀가루,점증제
밀배아애씨드,유화제
밀전분,점증제
바나나꽃수,향료
바바수아미도프로필베타인,점증제
바바수아미도프로필트라이모늄메토설페이트,유화제
바바수아미도프로필트라이모늄클로라이드,유화제
바바수오일폴리글리세릴-6에스터,유화제
발린,향료
발삼톨루수지,향료
베이베리열매왁스,점증제
베이잎오일,향료
베타-카리오필렌,향료
베헤네스-10,유화제
베헤네스-15,유화제
베헤네스-20,유화제
베헤네스-5,유화제
베헤노일스테아릭애씨드,유화제
베헤닐베타인,점증제
베헤닐알코올,점증제
베헤닐피지-트라이모늄클로라이드,유화제
베헨트라이모늄클로라이드,보존제
벤잘코늄브로마이드,보존제
벤잘코늄사카리네이트,보존제
벤잘코늄클로라이드,보존제
벤제토늄클로라이드,보존제
벤조구아나민,향료
벤조익애씨드,보존제
벤조인나무검,향료
벤조인나무수지추출물,향료
벤조페논-2,향료
벤즈알데하이드,향료
벤질글라이콜,용제
벤질라우레이트,용제
벤질라우레이트/미리스테이트/팔미테이트,용제
벤질벤조에이트,용제
벤질아세테이트,향료
벤질알코올,용제
벤질헤미포름알,보존제
변성감자전분,점증제
변성알코올,용제
변성알코올1,용제
변성알코올19,용제
변성알코올23-A,용제
변성알코올23-F,용제
변성알코올23-H,용제
변성알코올27-B,용제
변성알코올3-A,용제
변성알코올3-B,용제
변성알코올3-C,용제
변성알코올30,용제
변성알코올31-A,용제
변성알코올36,용제
변성알코올37,용제
변성알코올38-B,용제
변성알코올38-C,용제
변성알코올38-D,용제
변성알코올38-F,용제
변성알코올39,용제
변성알코올39-A,용제
변성알코올39-B,용제
변성알코올39-C,용제
변성알코올39-D,용제
변성알코올40,용제
변성알코올40-A,용제
변성알코올40-C,용제
변성알코올46,용제
변성옥수수전분,점증제
보르네올,향료
부테스-3,용제
부톡시다이글라이콜,용제
부톡시에틸아세테이트,용제
부티로락톤,용제
부틸글루코사이드카프레이트,유화제
부틸글루코사이드하이드록시프로필트라이모늄클로라이드,유화제
부틸락테이트,용제
부틸렌글라이콜,용제
부틸렌글라이콜다이카프릴레이트/다이카프레이트,용제
부틸렌글라이콜라우레이트,유화제
부틸렌글라이콜미리스테이트,유화제
부틸렌글라이콜베헤네이트,유화제
부틸렌글라이콜스테아레이트,유화제
부틸렌글라이콜아이소스테아레이츠,유화제
부틸렌글라이콜올리에이트,유화제
부틸렌글라이콜코코에이트,점증제
부틸렌글라이콜팔미테이트,유화제
부틸렌글라이콜프로피오네이트,용제
부틸벤조에이트,보존제
부틸스테아레이트,향료
부틸아세테이트,용제
부틸알코올,용제
부틸에틸프로판다이일에틸헥사노에이트,용제
부틸옥타노익애씨드,유화제
부틸옥탄올,용제
부틸옥틸벤조에이트,용제
부틸옥틸살리실레이트,용제
부틸티오글라이콜레이트,용제
부틸파라벤,보존제
부틸프탈이미드,용제
붉은토끼풀꽃추출물,향료
브로모클로로펜,보존제
브이피/헥사데센코폴리머,점증제
블랙체리나무껍질추출물,향료
비니거,pH 조정제
비스(피피지-7운데세네스-21)다이메티콘,유화제
비스-(글리세릴/라우릴)글리세릴라우릴다이메티콘,유화제
비스-머캅토프로필다이메티콘,용제
비스-메톡시피이지-40폴리엡실론카프로락톤,유화제
비스-부틸다이메티콘폴리글리세릴-3,유화제
비스-아이소부틸피이지/피피지-10/7/다이메티콘코폴리머,유화제
비스-에톡시다이글라이콜석시네이트,용제
비스-올레아미도아이소프로필알코올,유화제
비스-피이지-15메틸에터다이메티콘,유화제
비스-피이지/피피지-14/14다이메티콘,유화제
비스-피이지/피피지-16/16피이지/피피지-16/16다이메티콘,유화제
비스-피이지/피피지-18/6다이메티콘,유화제
비스-피이지/피피지-20/20다이메티콘,유화제
비스-피이지/피피지-20/5피이지/피피지-20/5다이메티콘,유화제
비스-하이드록시에틸트로메타민,pH 조정제
비에이치에이,향료
비즈왁스,유화제
비즈왁스애씨드,유화제
비타민나무열매수,용제
비터오렌지껍질추출물,향료
빙하수,용제
사이클로메티콘,용제
사이클로에톡시메티콘,용제
사이클로테트라실록세인,용제
사이클로펜타실록세인,용제
사이클로헥사실록세인,용제
사이클로헥산온,용제
사이클로헥세인,용제
사이클로헵타실록세인,용제
사포닌,유화제
살리실릭애씨드,보존제
삼나무껍질추출물,용제
상어간오일,용제
생강오일,향료
생강추출물,향료
석시닉애씨드,pH 조정제
선플라워글리세라이즈시트레이트,유화제
설프릭애씨드,pH 조정제
세레신,점증제
세린,향료
세바식애씨드,pH 조정제
세스퀴에톡시트라이에탄올아민,유화제
세스퀴옥틸도데실라우로일글루타메이트,유화제
세탈코늄클로라이드,보존제
세테스-1,유화제
세테스-10,유화제
세테스-12,유화제
세테스-13,유화제
세테스-14,유화제
세테스-15,유화제
세테스-16,유화제
세테스-17,유화제
세테스-18,유화제
세테스-2,유화제
세테스-3,유화제
세테스-4,유화제
세테스-5,유화제
세테스-6,유화제
세테스-7,유화제
세테아레스-10,유화제
세테아레스-11,유화제
세테아레스-12,유화제
세테아레스-13,유화제
세테아레스-14,유화제
세테아레스-15,유화제
세테아레스-16,유화제
세테아레스-17,유화제
세테아레스-18,유화제
세테아레스-2,유화제
세테아레스-22,유화제
세테아레스-3,유화제
세테아레스-4,유화제
세테아레스-5,유화제
세테아레스-6,유화제
세테아레스-60미리스틸글라이콜,유화제
세테아레스-7,유화제
세테아레스-8,유화제
세테아레스-9,유화제
세테아릴글루코사이드,유화제
세테아릴밀겨글라이코사이드,유화제
세테아릴알코올,점증제
세테아릴자일로사이드,유화제
세테아트라이모늄클로라이드,보존제
세테틸모폴리늄에토설페이트,유화제
세톨레스-10,유화제
세톨레스-11,유화제
세톨레스-15,유화제
세톨레스-20,유화제
세톨레스-5,유화제
세톨레스-6,유화제
세트리모늄메토설페이트,유화제
세트리모늄브로마이드,유화제
세트리모늄클로라이드,유화제
세트리모늄토실레이트,유화제
세틸글리세릴에터/글리세린코폴리머,유화제
세틸다이글리세릴트리스(트라이메틸실록시)실릴에틸다이메티콘,유화제
세틸다이메티콘피이지-7아세테이트,유화제
세틸베타인,점증제
세틸아세테이트,향료
세틸알코올,유화제
세틸에틸헥사노에이트,용제
세틸팔미테이트,향료
세틸포스페이트,유화제
세틸피이지-8다이메티콘,유화제
세틸피이지/피피지-10/1다이메티콘,유화제
세틸피이지/피피지-15/15부틸에터다이메티콘,유화제
세틸피이지/피피지-7/3다이메티콘,유화제
센티드제라늄꽃오일,향료
센티드제라늄왁스,향료
센티드제라늄추출물,향료
셀러리뿌리/씨추출물,향료
소두구씨오일,향료
소두구씨추출물,향료
소듐/엠이에이-피이지-3코카마이드설페이트,유화제
소듐/엠이에이라우레스-2설포석시네이트,유화제
소듐C12-14알케스-3설페이트,유화제
소듐o-페닐페네이트,보존제
소듐그레이프씨데이트,유화제
소듐글라이콜레이트,pH 조정제
소듐글루타메이트,향료
소듐다이라우레스-4포스페이트,유화제
소듐다이세테아레스-10포스페이트,유화제
소듐데실글루코사이드하이드록시프로필설포네이트,유화제
소듐데실글루코사이드하이드록시프로필포스페이트,유화제
소듐데하이드로아세테이트,보존제
소듐덱스트린옥테닐석시네이트,유화제
소듐디옥시콜레이트,pH 조정제
소듐라데이트,유화제
소듐라우레스-2포스페이트,유화제
소듐라우레스-4포스페이트,유화제
소듐라우레스설페이트,유화제
소듐라우레이트,유화제
소듐라우로일락틸레이트,유화제
소듐라우릴글루코사이드하이드록시프로필설포네이트,유화제
소듐라우릴글루코사이드하이드록시프로필포스페이트,유화제
소듐라우릴다이에틸렌다이아미노글라이시네이트,유화제
소듐라우릴포스페이트,유화제
소듐레이프씨데이트,유화제
소듐리놀리에이트,유화제
소듐리시놀레아미도프로필피지-다이모늄클로라이드포스페이트,유화제
소듐리시놀리에이트,유화제
소듐마카다미아씨데이트,유화제
소듐망고씨데이트,유화제
소듐메톡시피피지-2아세테이트,유화제
소듐메틸이세티오네이트,유화제
소듐메틸타우린코코일메틸타우레이트,유화제
소듐메틸파라벤,보존제
소듐미레스설페이트,유화제
소듐미리스테이트,유화제
소듐바바수에이트,유화제
소듐바이설페이트,pH 조정제
소듐바이카보네이트,pH 조정제
소듐베헤노일락틸레이트,유화제
소듐벤조에이트,보존제
소듐보레이트,보존제
소듐부틸글루코사이드하이드록시프로필포스페이트,유화제
소듐부틸파라벤,보존제
소듐비즈왁스,유화제
소듐사카린,향료
소듐살리실레이트,보존제
소듐서팩틴,유화제
소듐석시네이트,pH 조정제
소듐설페이트,점증제
소듐세사미씨데이트,유화제
소듐세스퀴카보네이트,pH 조정제
소듐세테스-13카복실레이트,유화제
소듐소이에이트,유화제
소듐솔베이트,보존제
소듐스위트아몬데이트,유화제
소듐스테아레스-4포스페이트,유화제
소듐스테아레이트,유화제
소듐스테아로일락틸레이트,유화제
소듐스테아로일하이드롤라이즈드스위트아몬드단백질,유화제
소듐스테아릴다이메틸글라이신,유화제
소듐스테아릴설페이트,유화제
소듐스테아릴프탈라메이트,유화제
소듐시아네이트,pH 조정제
소듐시트레이트,pH 조정제
소듐실리케이트,pH 조정제
소듐실리코알루미네이트,점증제
소듐아니세이트,pH 조정제
소듐아라키데이트,유화제
소듐아보카도에이트,유화제
소듐아세테이트,향료
소듐아이소부틸파라벤,보존제
소듐아이소스테아레이트,유화제
소듐아이소스테아로일락테이트,유화제
소듐아이소스테아로일락틸레이트,유화제
소듐아이소프로필파라벤,보존제
소듐아크릴레이트코폴리머,점증제
소듐알루미네이트,pH 조정제
소듐에틸파라벤,보존제
소듐옥사이드,pH 조정제
소듐올레스-7포스페이트,유화제
소듐올레스-8포스페이트,유화제
소듐올레오일락틸레이트,유화제
소듐올리베이트,유화제
소듐올리에이트,유화제
소듐운데실레네이트,유화제
소듐카라기난,점증제
소듐카보네이트,pH 조정제
소듐카보머,점증제
소듐카복시데실피이지-8다이메티콘,유화제
소듐카복시메틸키토산라우라마이드,유화제
소듐카프로일/라우로일락틸레이트,유화제
소듐카프로일락틸레이트,유화제
소듐카프릴레스-9카복실레이트,유화제
소듐카프릴레이트,유화제
소듐칼슘보론포스페이트,pH 조정제
소듐칼슘징크포스페이트,pH 조정제
소듐칼슘카퍼포스페이트,pH 조정제
소듐캐스터레이트,유화제
소듐코세스설페이트,유화제
소듐코코-글루코사이드타트레이트,유화제
소듐코코/바바수설페이트,유화제
소듐코코/하이드로제네이티드탈로우설페이트,유화제
소듐코코글루코사이드하이드록시프로필설포네이트,유화제
소듐코코글루코사이드하이드록시프로필포스페이트,유화제
소듐코코설포아세테이트,유화제
소듐코코에이트,유화제
소듐코코일/스테아로일(알라닌/알지닌/아스파라진/아스파틱애씨드/글루타믹애씨드/글루타민/글라이신/히스티딘/아이소류신/류신/라이신/페닐알라닌/프롤린/세린/트레오닌/타이로신/발린),유화제
소듐코코일/팔모일/선플라워로일글루타메이트,유화제
소듐코코일락틸레이트,유화제
소듐코코일메틸이세티오네이트,유화제
소듐코코일보리아미노산,유화제
소듐코코일트레오니네이트,유화제
소듐클로라이드,점증제
소듐키토산라우라마이드하이드록시프로필설포네이트,유화제
소듐키토산스테아라마이드하이드록시프로필설포네이트,유화제
소듐키토산카프릴아마이드하이드록시프로필설포네이트,유화제
소듐키토산코카마이드하이드록시프로필설포네이트,유화제
소듐타마누씨데이트,유화제
소듐타우린코코일메틸타우레이트,유화제
소듐탈로우에이트,점증제
소듐토코페릴포스페이트,유화제
소듐톨레이트,유화제
소듐트라이데세스설페이트,유화제
소듐트라이데실설페이트,유화제
소듐트라이메타포스페이트,pH 조정제
소듐트레할로오스옥테닐석시네이트,유화제
소듐티오글라이콜레이트,용제
소듐파라벤,보존제
소듐팔메이트,유화제
소듐팔미테이트,유화제
소듐팜커넬레이트,유화제
소듐포메이트,보존제
소듐폴리아크릴레이트,점증제
소듐폴리아크릴레이트스타치,점증제
소듐푸마레이트,pH 조정제
소듐프로폭시피피지-2아세테이트,유화제
소듐프로피오네이트,보존제
소듐프로필파라벤,보존제
소듐피넛에이트,유화제
소듐피이지-7올리브오일카복실레이트,유화제
소듐피피지-16/피이지-2라우릴에터설페이트,유화제
소듐하이드록사이드,pH 조정제
소듐하이드록시라우릴다이모늄에틸포스페이트,유화제
소듐하이드록시프로필설포네이트데실글루코사이드크로스폴리머,유화제
소듐하이드록시프로필설포네이트라우릴글루코사이드크로스폴리머,유화제
소듐하이드록시프로필설포네이트코코글루코사이드크로스폴리머,유화제
소듐하이드록시프로필포스페이트데실글루코사이드크로스폴리머,유화제
소듐하이드록시프로필포스페이트라우릴글루코사이드크로스폴리머,유화제
소르빅애씨드,보존제
소이애씨드,유화제
소이트라이모늄클로라이드,보존제
솔베스-20,용제
솔베스-20비즈왁스,유화제
솔베스-20테트라아이소스테아레이트,유화제
솔베스-20펜타아이소스테아레이트,유화제
솔베스-230테트라올리에이트,유화제
솔베스-2비즈왁스,유화제
솔베스-2코코에이트,유화제
솔베스-30,용제
솔베스-30테트라아이소스테아레이트,유화제
솔베스-30테트라올리에이트,유화제
솔베스-30테트라올리에이트라우레이트,유화제
솔베스-30펜타아이소스테아레이트,유화제
솔베스-3아이소스테아레이트,유화제
솔베스-3트라이스테아레이트,유화제
솔베스-40,용제
솔베스-40테트라올리에이트,유화제
솔베스-40펜타아이소스테아레이트,유화제
솔베스-40펜타올리에이트,유화제
솔베스-40헥사올리에이트,유화제
솔베스-450트라이스테아레이트,유화제
솔베스-4테트라올리에이트,유화제
솔베스-50테트라아이소스테아레이트,유화제
솔베스-50펜타아이소스테아레이트,유화제
솔베스-50헥사올리에이트,유화제
솔베스-6,용제
솔베스-60테트라스테아레이트,유화제
솔베스-60테트라올리에이트,유화제
솔베스-6라우레이트,유화제
솔베스-6비즈왁스,유화제
솔베스-6테트라올리에이트,유화제
솔베스-6헥사스테아레이트,유화제
솔베스-8비즈왁스,유화제
솔비탄다이스테아레이트,유화제
솔비탄다이아이소스테아레이트,유화제
솔비탄다이올리에이트,유화제
솔비탄라우레이트,유화제
솔비탄세스퀴스테아레이트,유화제
솔비탄세스퀴아이소스테아레이트,유화제
솔비탄세스퀴올리에이트,유화제
솔비탄스테아레이트,유화제
솔비탄아이소스테아레이트,유화제
솔비탄올리베이트,유화제
솔비탄올리에이트,유화제
솔비탄올리에이트데실글루코사이드크로스폴리머,유화제
솔비탄운데실레네이트,유화제
솔비탄지방산에스터,유화제
솔비탄카프릴레이트,유화제
솔비탄코코에이트,유화제
솔비탄트라이스테아레이트,유화제
솔비탄트라이아이소스테아레이트,유화제
솔비탄트라이올리에이트,유화제
솔비탄팔미테이트,유화제
솔비틸라우레이트,유화제
수크로오스다이라우레이트,유화제
수크로오스다이스테아레이트,유화제
수크로오스라우레이트,유화제
수크로오스리시놀리에이트,유화제
수크로오스모티어렐레이트,유화제
수크로오스미리스테이트,유화제
수크로오스스테아레이트,유화제
수크로오스올리에이트,유화제
수크로오스코코에이트,유화제
수크로오스테트라아이소스테아레이트,유화제
수크로오스트라이라우레이트,유화제
수크로오스팔미테이트,유화제
수크로오스펜타에루케이트,유화제
수크로오스폴리라우레이트,유화제
수크로오스폴리리놀리에이트,유화제
수크로오스폴리베헤네이트,유화제
수크로오스폴리소이에이트,유화제
수크로오스폴리스테아레이트,유화제
수크로오스폴리올리에이트,유화제
수크로오스폴리코튼씨데이트,유화제
수크로오스폴리팔메이트,유화제
수크로오스헥사아이소스테아레이트,유화제
수크로오스헥사에루케이트,유화제
수크로오스헥사올리에이트/헥사팔미테이트/헥사스테아레이트,유화제
수크로오스헥사팔미테이트,유화제
슈가켈프추출물,향료
슈도지마 추쿠바엔시스/올리브오일/글리세린/콩단백질발효물,유화제
스위트아몬드오일,향료
스위트아몬드오일폴리글리세릴-6에스터,유화제
스위트아몬드오일피이지-8에스터즈,유화제
스클레로튬검,점증제
스테아다이모늄하이드록시프로필트라이모늄클로라이드,유화제
스테아라마이드에이엠피,점증제
스테아라마이드엠이에이,점증제
스테아레스-10,유화제
스테아레스-11,유화제
스테아레스-12,유화제
스테아레스-13,유화제
스테아레스-14,유화제
스테아레스-15,유화제
스테아레스-16,유화제
스테아레스-2,유화제
스테아레스-20,유화제
스테아레스-200,유화제
스테아레스-21,유화제
스테아레스-3,유화제
스테아레스-4,유화제
스테아레스-5,유화제
스테아레스-6,유화제
스테아레스-7,유화제
스테아레스-8,유화제
스테아로일락틸릭애씨드,유화제
스테아로일류신,유화제
스테아로일이눌린,유화제
스테아릭애씨드,유화제
스테아릴/베헤닐알코올,유화제
스테아릴다이모늄하이드록시프로필라우릴글루코사이드클로라이드,유화제
스테아릴벤조에이트,용제
스테아릴스테아레이트,점증제
스테아릴알코올,유화제
스테아릴포스페이트,유화제
스테아릴피지-다이메틸아민,유화제
스테아릴피지-트라이모늄클로라이드,유화제
스테아트라이모늄브로마이드,보존제
스테아트라이모늄클로라이드,보존제
스페인세이지잎오일,향료
스펜트그레인왁스,점증제
스피어민트추출물,향료
슬베스-40테트라아이소스테아레이트,유화제
시베리안파인씨오일폴리글리세릴-6에스터,유화제
시스테아민티오글라이콜레이트,용제
시스테인,용제
시스테인에이치씨엘,용제
시어버터글리세라이즈,유화제
시어버터글리세레스-8에스터,유화제
시어버터폴리글리세릴-6에스터,유화제
시트로넬라오일,향료
시트로넬릴아세테이트,향료
시트로넬알,향료
시트릭애씨드,pH 조정제
시팀우드검옥테닐석시네이트,유화제
식물성글리세라이즈포스페이트,유화제
신양벚나무씨오일피이지-8에스터,유화제
실리콘쿼터늄-17,유화제
실버버취목부추출물,pH 조정제
실크수,용제
쑥부쟁이추출물,용제
쓴박하추출물,향료
아가,향료
아니스열매추출물,향료
아디픽애씨드,pH 조정제
아디픽애씨드/네오펜틸글라이콜크로스폴리머,점증제
아라키데스-20,유화제
아라키딜/베헤닐베타이네이트에실레이트,유화제
아라키딜/베헤닐알코올,유화제
아라키딜글루코사이드,유화제
아라키딜베헤네이트,점증제
아라키딜알코올,점증제
아르간오일폴리글리세릴-6에스터,유화제
아메리카시나몬잎오일,용제
아미노메틸아이소부탄올,pH 조정제
아미노메틸프로판다이올,pH 조정제
아미노메틸프로판올,pH 조정제
아미노에틸프로판다이올,pH 조정제
아미노프로판다이올,pH 조정제
아밀로펙틴,점증제
아밀살리실레이트,향료
아밀아세테이트,용제
아보카도오일피이지-11에스터,유화제
아비에틱애씨드,유화제
아세톤,용제
아세트아닐라이드,향료
아세틱애씨드,pH 조정제
아세틸만델릭애씨드,pH 조정제
아스코빅애씨드,pH 조정제
아스코빌팔미테이트,향료
아스테리오넬롭시스 글라키알리스추출물,pH 조정제
아스파틱애씨드,향료
아이소노닐아이소노나노에이트,용제
아이소데세스-4,유화제
아이소데세스-5,유화제
아이소데세스-6,유화제
아이소도데케인,용제
아이소라우레스-10,유화제
아이소라우레스-3,유화제
아이소라우레스-6,유화제
아이소미레스-3,유화제
아이소미레스-9,유화제
아이소부톡시프로판올,용제
아이소부틸벤조에이트,용제
아이소부틸아세테이트,용제
아이소부틸파라벤,보존제
아이소세테스-10,유화제
아이소세테스-10스테아레이트,유화제
아이소세테스-12,유화제
아이소세테스-15,유화제
아이소세테스-20,유화제
아이소세테스-25,유화제
아이소세테스-5,유화제
아이소세테스-7,유화제
아이소세테아레스-8스테아레이트,유화제
아이소스테아레스-10,유화제
아이소스테아레스-10스테아레이트,유화제
아이소스테아레스-11카복실릭애씨드,유화제
아이소스테아레스-12,유화제
아이소스테아레스-15,유화제
아이소스테아레스-2,유화제
아이소스테아레스-20,유화제
아이소스테아레스-2포스페이트,유화제
아이소스테아레스-3,유화제
아이소스테아레스-5,유화제
아이소스테아레스-6카복실릭애씨드,유화제
아이소스테아릴글라이콜레이트,용제
아이소스테아릴글루코사이드,유화제
아이소스테아릴카복시데실피이지-8다이메티콘,유화제
아이소스테아릴폴리글리세릴-3다이메티콘,유화제
아이소아밀아세테이트,용제
아이소에이코산,용제
아이소옥탄,용제
아이소트라이데실포스페이트,유화제
아이소펜탄,용제
아이소펜틸다이올,용제
아이소폴리글리세릴-3다이메티콘,유화제
아이소폴리글리세릴-3다이메티콘올,유화제
아이소프로판올아민,pH 조정제
아이소프로필시트레이트,용제
아이소프로필아민,pH 조정제
아이소프로필아세테이트,용제
아이소프로필알코올,용제
아이소프로필크레솔,보존제
아이소프로필티오글라이콜레이트,용제
아이소프로필파라벤,보존제
아이소프로필프탈이미드,용제
아이소헥사데칸,용제
아이오도프로피닐부틸카바메이트,보존제
아이피디아이/피이지-15소이글리시네이트코폴리머,유화제
아이피디아이/피이지-15소이아민코폴리머,유화제
아이피디아이/피이지-15코카민코폴리머,유화제
아크릴레이트/C10-30알킬아크릴레이트크로스폴리머,점증제
아크릴레이트/베헤네스-25메타크릴레이트코폴리머,점증제
아크릴레이트/세테스-20이타코네이트코폴리머,점증제
아크릴레이트/스테아레스-20메타크릴레이트코폴리머,점증제
아크릴레이트/스테아레스-20이타코네이트코폴리머,점증제
아크릴레이트/스테아릴메타크릴레이트코폴리머,점증제
아크릴레이트/팔메스-25아크릴레이트코폴리머,점증제
아크릴릭애씨드/스테아릴아크릴레이트코폴리머,유화제
아크릴릭애씨드/아크릴로나이트로젠코폴리머,점증제
아크릴아마이드/소듐아크릴레이트코폴리머,점증제
아크릴아마이드코폴리머,점증제
아프리코트커넬오일폴리글리세릴-10에스터,유화제
아프리코트커넬오일폴리글리세릴-6에스터,유화제
아프리코트커넬오일피이지-40에스터,유화제
아프리코트커넬오일피이지-6에스터,유화제
안젤리카뿌리오일,향료
알라닌,향료
알로에베라잎,향료
알루미나마그네슘메타실리케이트,점증제
알루미늄/마그네슘하이드록사이드스테아레이트,점증제
알루미늄미리스테이트,점증제
알루미늄벤조에이트,점증제
알루미늄스테아레이트,점증제
알루미늄트라이포메이트,pH 조정제
알루미늄하이드록사이드옥사이드,pH 조정제
알릴메타크릴레이트크로스폴리머,점증제
알릴카프로에이트,향료
알지닉애씨드,점증제
알진,점증제
알칼리게네스폴리사카라이드,점증제
암모늄C6-16퍼플루오로알킬에틸포스페이트,유화제
암모늄글라이콜레이트,pH 조정제
암모늄글리시리제이트,향료
암모늄바이카보네이트,pH 조정제
암모늄벤조에이트,보존제
암모늄설파이트,보존제
암모늄아크릴레이트코폴리머,점증제
암모늄카바메이트,pH 조정제
암모늄카보네이트,pH 조정제
암모늄코코-설페이트,유화제
암모늄클로라이드,향료
암모늄티오글라이콜레이트,용제
암모늄포스파티딜레이프씨데이트,유화제
암모늄포스페이트,pH 조정제
암모늄프로피오네이트,보존제
암모늄하이드록사이드,pH 조정제
암모니아,pH 조정제
애타풀자이트,점증제
에리소빅애씨드,향료
에리스리틸트라이에틸헥사노에이트,용제
에스-디엔에이압타머-1,pH 조정제
에스-디엔에이압타머-2,pH 조정제
에스디알코올40-B,용제
에스알-(폴리펩타이드-168 올리고펩타이드-178),유화제
에이코세인,용제
에칠라우로일알지네이트하이드로클로라이드,보존제
에칠렌글라이콜,용제
에칠헥실살리실레이트,향료
에키움 플란타기네움씨오일,용제
에탄올,용제
에탄올아민,pH 조정제
에탄올아민에이치씨엘,pH 조정제
에탄올아민티오글라이콜레이트,용제
에톡시다이글라이콜,용제
에톡시다이글라이콜아세테이트,용제
에틸글리세린아세탈레불리네이트,용제
에틸락테이트,용제
에틸렌다이아민/스테아릴다이머탈레이트코폴리머,점증제
에틸렌다이아민다이말리에이트,pH 조정제
에틸렌카보네이트,용제
에틸아세테이트,용제
에틸알,용제
에틸에탄올아민,pH 조정제
에틸에터,용제
에틸트라이실록세인,용제
에틸티오글라이콜레이트,용제
에틸파라벤,보존제
에틸퍼플루오로부틸에터,용제
에틸퍼플루오로아이소부틸에터,용제
에틸페닐알라닌아미도폴리감마-글루타믹애씨드,유화제
에틸피롤리돈,용제
에틸헥산다이올,용제
에틸헥산아마이드세린올,유화제
에틸헥실글리세릴베헤네이트,유화제
에틸헥실글리세릴팔미테이트,유화제
에틸헥실벤조에이트,용제
에틸헥실스테아로일폴리하이드록시스테아레이트,유화제
에틸헥실아세테이트,용제
에틸헥실코코-올리에이트에스톨라이드,유화제
엠디엠하이단토인,보존제
엠이에이-다이세테아릴포스페이트,유화제
엠이에이-벤조에이트,보존제
엠이에이-살리실레이트,보존제
엠이에이-운데실레네이트,보존제
엠이에이o-페닐페네이트,보존제
엠이케이,용제
오렌지껍질추출물,점증제
오렌지오일,향료
오렌지추출물,향료
오조케라이트,점증제
오틸도데세스,유화제
옥살릭애씨드,pH 조정제
옥수수오일,유화제
옥수수오일피이지-6에스터,유화제
옥수수전분,점증제
옥타데센,용제
옥타데센/엠에이코폴리머,점증제
옥타데케인,용제
옥탄,용제
옥텐,용제
옥톡시놀-1,유화제
옥톡시놀-10,유화제
옥톡시놀-11,유화제
옥톡시놀-12,유화제
옥톡시놀-13,유화제
옥톡시놀-16,유화제
옥톡시놀-20,유화제
옥톡시놀-3,유화제
옥톡시놀-5,유화제
옥톡시놀-6,유화제
옥톡시놀-7,유화제
옥톡시놀-8,유화제
옥톡시놀-9,유화제
옥톡시놀-9카복실릭애씨드,유화제
옥틸데실포스페이트,유화제
옥틸도데세스-10,유화제
옥틸도데세스-16,유화제
옥틸도데세스-20,유화제
옥틸도데세스-5,유화제
옥틸도데실메톡시크릴렌,용제
옥틸도데실스테아로일스테아레이트,점증제
옥틸도데실자일로사이드,유화제
옥틸도데칸올,용제
올레스-1,유화제
올레스-10,유화제
올레스-106,유화제
올레스-10포스페이트,유화제
올레스-11,유화제
올레스-12,유화제
올레스-15,유화제
올레스-16,유화제
올레스-2,유화제
올레스-20,유화제
올레스-20포스페이트,유화제
올레스-25,향료
올레스-2포스페이트,유화제
올레스-3,유화제
올레스-30,향료
올레스-3포스페이트,유화제
올레스-4,유화제
올레스-40,향료
올레스-45,유화제
올레스-4포스페이트,유화제
올레스-5,유화제
올레스-50,향료
올레스-5포스페이트,유화제
올레스-6,유화제
올레스-7,유화제
올레스-8,유화제
올레스-82,유화제
올레스-9,유화제
올레아마이드미파,점증제
올레아미도프로필베타인,점증제
올레오일에틸글루코사이드,유화제
올레익/리놀레익/리놀레닉폴리글리세라이즈,유화제
올레익애씨드,향료
올레일베타인,점증제
올레일알코올,용제
올레일에루케이트,용제
올레일에틸포스페이트,유화제
올레일포스페이트,유화제
올리브글리세라이즈,유화제
올리브아미도프로필트라이모늄클로라이드,유화제
올리브오일글리세레스-8에스터,유화제
올리브오일폴리글리세릴-6에스터,유화제
올리브오일피이지-7에스터,유화제
올리브오일피이지-8에스터,유화제
왕귤껍질오일,향료
왕귤수,향료
우르솔릭애씨드,향료
운데세스-11,유화제
운데세스-3,유화제
운데세스-40,유화제
운데세스-5,유화제
운데세스-7,유화제
운데세스-8,유화제
운데세스-9,유화제
운데실레네스-6,유화제
운데실레닉애씨드,유화제
운데카노익애씨드,유화제
운데카노익애씨드다이메티콘,유화제
월계수잎추출물,향료
육두구추출물,향료
이눌린라우릴카바메이트,유화제
이미다졸,pH 조정제
이미다졸리디닐우레아,보존제
이미다졸릴메틸피롤로피페라진다이온,보존제
이타코닉애씨드,pH 조정제
인체제대와튼젤리중간엽줄기세포배양액,용제
잇꽃글리세라이드,유화제
잇꽃씨오일,향료
잇꽃씨오일폴리글리세릴-4에스터즈,유화제
자몽껍질오일,향료
자일렌,용제
자일로오스,향료
자일리틸세스퀴카프릴레이트,유화제
자일릴페닐에탄,용제
자주개자리추출물,향료
잔탄검,유화제
장미꽃오일,향료
정제수,용제
제라닉애씨드,pH 조정제
젤란검,점증제
징크글라이시네이트,pH 조정제
징크라우레이트,점증제
징크마그네슘아스파테이트,pH 조정제
징크미리스테이트,점증제
징크보레이트,보존제
징크살리실레이트,보존제
징크스테아레이트,점증제
징크카보네이트하이드록사이드,pH 조정제
징크코세스설페이트,유화제
징크코코-설페이트,유화제
징크피리치온,보존제
참당귀추출물,향료
치오글라이콜릭애씨드,용제
치커리뿌리추출물,향료
카놀라오일글리세라이드,유화제
카라멜,향료
카르니틴,점증제
카보머,점증제
카복시데실트라이실록세인,용제
카이토케로스 콘스트릭투스/데빌리스/데키피엔스/라키니오수스/소키알리스추출물,pH 조정제
카제푸트오일,향료
카페익애씨드,향료
카프릴/라우릴위트브랜/스트로글라이코사이드,유화제
카프릴레스-4,유화제
카프릴레스-5,유화제
카프릴릭/카프릭트라이글리세라이드,용제
카프릴릭/카프릭트라이글리세라이드피이지-4에스터,유화제
카프릴릴/카프릴위트브랜/스트로글라이코사이드,유화제
카프릴릴/카프릴자일로사이드,유화제
카프릴릴다이메티콘에톡시글루코사이드,유화제
카프릴아마이드엠이에이,유화제
카피르라임껍질압착오일,향료
칸나비스아미도프로필하이드록시설테인,유화제
칸데릴라/호호바/쌀겨폴리글리세릴-3에스터,유화제
칸데릴라왁스하이드로카본,점증제
칸디다 봄비콜라/글루코오스/커피콩추출물/유채씨오일발효추출여과물,유화제
칼슘다이하이드로젠포스페이트,pH 조정제
칼슘베헤네이트,점증제
칼슘벤조에이트,보존제
칼슘살리실레이트,보존제
칼슘솔베이트,보존제
칼슘스테아레이트,점증제
칼슘스테아로일락틸레이트,유화제
칼슘시트레이트,pH 조정제
칼슘알지네이트,향료
칼슘옥사이드,pH 조정제
칼슘운데실레네이트,보존제
칼슘클로라이드,점증제
칼슘파라벤,보존제
칼슘프로피오네이트,보존제
칼슘하이드록사이드,pH 조정제
캄포마네시아 리네아티폴리아열매추출물,pH 조정제
캐러웨이열매오일,향료
캐모마일꽃추출물,향료
캐스터/올리브오일에스터즈,유화제
캐스터오일프로판다이올에스터즈,용제
캠퍼,향료
커리플랜트꽃오일,향료
커피콩/감초뿌리/드럼스틱잎/줄기초/사과초발효여과물,pH 조정제
케토글루타릭애씨드,pH 조정제
코드리버오일,향료
코세스-10,유화제
코세스-20,유화제
코세스-25,유화제
코세스-3,유화제
코세스-5,유화제
코세스-6,유화제
코세스-7,유화제
코세스-8,유화제
코카마이드디파,유화제
코카마이드미파,점증제
코카마이드엠이에이,점증제
코카미도프로필베타인,점증제
코카미도프로필하이드록시설테인,점증제
코코-베타인,점증제
코코글루코사이드하이드록시프로필트라이모늄클로라이드,유화제
코코넛꽃슈가,pH 조정제
코코넛알칸,용제
코코넛알코올,점증제
코코트라이모늄클로라이드,보존제
코튼씨드글리세라이드,유화제
콘글리세라이즈,유화제
콜레스-10,유화제
콜레스-15,유화제
콜레스-20,유화제
콜레스-24,유화제
콜레스-30,유화제
콜레스-5,유화제
콜레스테롤,점증제
콜레스테릴C16-18알케닐석시네이트,유화제
콜레스테릴마카다미에이트,점증제
콜레스테릴스테아레이트,점증제
콜레스테릴하이드록시스테아레이트,점증제
콩소포로리피드,유화제
콩추출물,점증제
쿠푸아수씨버터글리세라이즈,유화제
쿼터늄-15,보존제
쿼터늄-92,유화제
퀴닉애씨드,pH 조정제
크로타미톤,용제
크로토닉애씨드,향료
클레이미네랄,pH 조정제
클로라민T,보존제
클로로부탄올,보존제
클로로아세틱애씨드,pH 조정제
클로로자일레놀,보존제
클로로트라이플루오로프로펜,용제
클로로펜,보존제
클로리네이티드파라핀,용제
클로브꽃오일,향료
클로브꽃추출물,향료
클로브잎오일,향료
클로브줄기오일,향료
클로페네신,보존제
클로헥시딘,보존제
클로헥시딘다이글루코네이트,보존제
클로헥시딘다이아세테이트,보존제
클림바졸,보존제
키밀알코올,점증제
키위/육계나무껍질/파인애플/(레몬/사과)펄프/껍질/수크로오스발효여과물,pH 조정제
키위수,향료
키토산아이소스테아라마이드하이드록시프로필트라이모늄클로라이드,유화제
타마린드씨검,점증제
타우린,향료
타타릭애씨드,pH 조정제
타피오카전분,점증제
탄산수,용제
탈로우글리세라이드,유화제
탈로우아마이드엠이에이,점증제
탈로우알코늄클로라이드,보존제
탈로우애씨드,유화제
탈로우트라이모늄클로라이드,보존제
탈로웨스-18,유화제
탈로웨스-4,유화제
탈로웨스-5,유화제
탈로웨스-6,유화제
탈로웨스-7,유화제
터피네올,향료
테트라데센,용제
테트라데실프로피오네이트,용제
테트라소듐파이로포스페이트,pH 조정제
테트라포타슘파이로포스페이트,pH 조정제
테트라하이드로퍼퓨릴아세테이트,용제
테트라하이드로퍼퓨릴알코올,용제
토르말린,점증제
토마토수,향료
토코페릴포스페이트,유화제
톨루엔,용제
톨오일애씨드,유화제
튜베로즈추출물,향료
트라이(폴리글리세릴-3/라우릴)하이드로제네이티드트라이리놀리에이트,유화제
트라이-C12-15알케스-10포스페이트,유화제
트라이-C12-15알케스-2포스페이트,유화제
트라이-C12-15알케스-6포스페이트,유화제
트라이-C12-15알케스-8포스페이트,유화제
트라이데세스-10포스페이트,유화제
트라이데세스-11,유화제
트라이데세스-12,유화제
트라이데세스-15,유화제
트라이데세스-18,유화제
트라이데세스-2,유화제
트라이데세스-20,유화제
트라이데세스-3,유화제
트라이데세스-3포스페이트,유화제
트라이데세스-4,유화제
트라이데세스-5,유화제
트라이데세스-6,유화제
트라이데세스-6포스페이트,유화제
트라이데세스-7,유화제
트라이데세스-8,유화제
트라이데세스-9,유화제
트라이라네스-4포스페이트,유화제
트라이라우레스-4포스페이트,유화제
트라이라우레스-9시트레이트,유화제
"트라이메틸-1,3-펜탄다이올",용제
트라이메틸올프로판,용제
트라이메틸펜타놀하이드록시에틸에터,용제
트라이메틸하이드록시펜틸아이소부티레이트,용제
트라이메틸헥산올,용제
트라이베헤닌피이지-20에스터,유화제
트라이부틸시트레이트,용제
트라이부틸크레실부탄,용제
트라이세테스-5포스페이트,유화제
트라이세테아레스-4포스페이트,유화제
트라이소듐설포석시네이트,pH 조정제
트라이소듐포스페이트,pH 조정제
트라이아세틴,용제
트라이아이소스테아린피이지-6에스터,유화제
트라이에탄올아민,유화제
트라이에틸포스페이트,용제
트라이에틸헥사노인,용제
트라이올레스-8포스페이트,유화제
트라이올레인피이지-6에스터,유화제
트라이클로로에탄,용제
트라이펩타이드-51,pH 조정제
트라이플루오로프로필다이메티콘/피이지-10크로스폴리머,유화제
트레오닌,향료
트로메타민,pH 조정제
트리클로산,보존제
트리클로카반,보존제
트립토판,향료
티몰,향료
티비에이치큐,향료
티아민에이치씨엘,향료
티엠피라우릴다이메티콘,유화제
티이에이-C11-15알케스설페이트,유화제
티이에이-C12-13알케스-3설페이트,유화제
티이에이-다이리시놀리에이트,유화제
티이에이-다이메티콘피이지-7포스페이트,유화제
티이에이-다이에탄올아미노에틸폴리아이소부테닐석시네이트,유화제
티이에이-덱스트린옥테닐석시네이트,유화제
티이에이-라네스-5설페이트,유화제
티이에이-라우레스-4 포스페이트,유화제
티이에이-라우레이트,유화제
티이에이-라우레이트/미리스테이트,유화제
티이에이-라우로일락틸레이트,유화제
티이에이-미리스테이트,유화제
티이에이-솔베이트,보존제
티이에이-스테아레이트,유화제
티이에이-아이소스테아레이트,유화제
티이에이-올레일설페이트,유화제
티이에이-올리에이트,유화제
티이에이-운데실레네이트,보존제
티이에이-카놀레이트,유화제
티이에이-카보머,점증제
티이에이-코코일글라이시네이트,유화제
티이에이-톨레이트,유화제
티이에이-팔미테이트,유화제
티트리잎오일,향료
티파-스테아레이트,유화제
파네실아세테이트,향료
파라핀,향료
파인아미도프로필베타인,유화제
판테놀,용제
팔마로사오일,향료
팔메스-2,유화제
팔미타미도부틸구아니딘아세테이트,유화제
팔미토일이눌린,유화제
팔미토일트라이펩타이드-132에이치씨엘,용제
팔미틱애씨드,유화제
팜글리세라이드,유화제
팜애씨드,유화제
팜커넬/코코글루코사이드,유화제
팜커넬애씨드,유화제
팥가루,점증제
퍼퓨랄,용제
퍼플로오로테트랄린,용제
퍼플루오로노닐에틸카복시데실피이지-10다이메티콘,유화제
퍼플루오로다이메틸사이클로헥산,용제
퍼플루오로데칼린,용제
퍼플루오로메틸사이클로펜탄,용제
퍼플루오로카프릴일브로마이드,용제
퍼플루오로퍼하이드로벤질테트랄린,용제
퍼플루오로퍼하이드로페난트렌,용제
퍼플루오로헥산,용제
펌킨씨드오일폴리글리세릴-4에스터,유화제
펌킨씨드오일폴리글리세릴-4에스터석시네이트,유화제
페녹시에탄올,보존제
페녹시이소프로판올,용제
페녹시프로판다이올,용제
페놀설폰프탈레인,pH 조정제
페닐벤조에이트,보존제
페닐알라닌,향료
페닐프로판올,용제
페트롤레움다이스틸레이트,용제
페퍼민트오일,향료
페퍼민트잎,향료
페퍼민트잎수,향료
페퍼민트잎추출물,향료
펙틴,점증제
펜타데카락톤,향료
펜타소듐트라이포스페이트,pH 조정제
펜타에리스리틸로지네이트,점증제
펜타에리스리틸스테아레이트,유화제
펜타에리스리틸아디페이트/카프레이트/카프릴레이트/헵타노에이트,점증제
펜타에리스리틸테트라라우레이트,점증제
펜타에리스리틸테트라미리스테이트,점증제
펜타에리스리틸테트라베헤네이트,점증제
펜타에리스리틸테트라올리에이트,점증제
펜타에리스리틸테트라카프릴레이트/테트라카프레이트,점증제
펜타에리스리틸테트라펠라고네이트,점증제
펜타에리스리틸하이드로제네이티드로지네이트,점증제
펜타포타슘트라이포스페이트,pH 조정제
펜타플루오로프로판,용제
펜탄,용제
펜틸렌글라이콜,용제
펠라고닉애씨드,유화제
편백오일,향료
포도덩굴수액,용제
포도씨오일피이지-8에스터즈,유화제
포믹애씨드,보존제
포스파티딜글리세롤,유화제
포스파티딜이노시톨,유화제
포스파티딜콜린,유화제
포스페이트버퍼드셀라인,용제
포스포릭애씨드,pH 조정제
포타슘C11-15알킬포스페이트,유화제
포타슘o-페닐페네이트,보존제
포타슘나이트레이트,pH 조정제
포타슘다이메티콘피이지-7포스페이트,유화제
포타슘데세스-4포스페이트,유화제
포타슘덱스트린옥테닐석시네이트,유화제
포타슘라우레스포스페이트,유화제
포타슘라우레이트,유화제
포타슘라우로일피씨에이,유화제
포타슘라우릴설페이트,유화제
포타슘라우릴하이드록시프로필설포네이트,유화제
포타슘레이프씨데이트,유화제
포타슘리놀리에이트,유화제
포타슘리시놀리에이트,유화제
포타슘마그네슘아스파테이트,pH 조정제
포타슘메틸파라벤,보존제
포타슘미리스테이트,유화제
포타슘바바수에이트,유화제
포타슘바이카보네이트,pH 조정제
포타슘바이프탈레이트,pH 조정제
포타슘베헤노일하이드록시프롤린,유화제
포타슘벤조에이트,보존제
포타슘보레이트,pH 조정제
포타슘부틸파라벤,보존제
포타슘살리실레이트,보존제
포타슘설파이트,보존제
포타슘설페이트,점증제
포타슘세틸포스페이트,유화제
포타슘소이에이트,유화제
포타슘솔베이트,보존제
포타슘스테아레이트,유화제
포타슘시트레이트,pH 조정제
포타슘아이소스테아레스-2포스페이트,유화제
포타슘알지네이트,점증제
포타슘에틸파라벤,보존제
포타슘옥사이드,pH 조정제
포타슘옥톡시놀-12포스페이트,유화제
포타슘올리베이트,유화제
포타슘올리에이트,유화제
포타슘운데실레네이트,유화제
포타슘츠바키에이트,유화제
포타슘카보네이트,pH 조정제
포타슘카스토레이트,유화제
포타슘커피에이트,유화제
포타슘코코쌀아미노산,유화제
포타슘코코에이트,유화제
포타슘코코일피씨에이,유화제
포타슘콘에이트,유화제
포타슘클로라이드,점증제
포타슘타우린라우레이트,유화제
포타슘타트레이트,pH 조정제
포타슘탈로우에이트,유화제
포타슘톨레이트,유화제
포타슘티오글라이콜레이트,용제
포타슘파라벤,보존제
포타슘팔메이트,유화제
포타슘팔미테이트,유화제
포타슘포스페이트,pH 조정제
포타슘프로피오네이트,보존제
포타슘프로필파라벤,보존제
포타슘피넛에이트,유화제
포타슘피이지-50하이드로제네이티드캐스터오일석시네이트,유화제
포타슘하이드록사이드,pH 조정제
포타슘헴프씨데이트,유화제
포트마조람꽃오일,향료
폴록사머101,유화제
폴록사머105,유화제
폴록사머105벤조에이트,유화제
폴록사머122,유화제
폴록사머123,유화제
폴록사머124,유화제
폴록사머181,유화제
폴록사머185,유화제
폴록사머212,유화제
폴록사머215,유화제
폴록사머231,유화제
폴록사머282,유화제
폴록사머284,유화제
폴록사머331,유화제
폴록사머333,유화제
폴록사머401,유화제
폴록사머402,유화제
폴록사머403,유화제
폴록사머407,유화제
폴록사민1101,유화제
폴록사민1102,유화제
폴록사민1104,유화제
폴록사민1301,유화제
폴록사민1302,유화제
폴록사민1304,유화제
폴록사민1307,유화제
폴록사민1501,유화제
폴록사민1502,유화제
폴록사민1504,유화제
폴록사민304,유화제
폴록사민504,유화제
폴록사민604,유화제
폴록사민701,유화제
폴록사민702,유화제
폴록사민704,유화제
폴록사민707,유화제
폴록사민901,유화제
폴록사민904,유화제
"폴리(1,2-부탄다이올)-40자일리톨에터",유화제
"폴리(1,2-부탄다이올)-6프로필렌글라이콜",용제
폴리C10-30알킬아크릴레이트,점증제
폴리글리세릴-10노나에루케이트,유화제
폴리글리세릴-10다이데카노에이트,유화제
폴리글리세릴-10다이라우레이트,유화제
폴리글리세릴-10다이미리스테이트,유화제
폴리글리세릴-10다이스테아레이트,유화제
폴리글리세릴-10다이아이소스테아레이트,유화제
폴리글리세릴-10다이올리에이트,유화제
폴리글리세릴-10다이팔미테이트,유화제
폴리글리세릴-10데카마카다미에이트,유화제
폴리글리세릴-10데카스테아레이트,유화제
폴리글리세릴-10데카올리에이트,유화제
폴리글리세릴-10데카하이드록시스테아레이트,유화제
폴리글리세릴-10데칼리놀리에이트,유화제
폴리글리세릴-10도데카베헤네이트,유화제
폴리글리세릴-10라우레이트,유화제
폴리글리세릴-10리놀리에이트,유화제
폴리글리세릴-10모노/다이올리에이트,유화제
폴리글리세릴-10미리스테이트,유화제
폴리글리세릴-10베헤네이트,유화제
폴리글리세릴-10베헤네이트/에이코사디오에이트,유화제
폴리글리세릴-10스테아레이트,유화제
폴리글리세릴-10아이소스테아레이트,유화제
폴리글리세릴-10올리에이트,유화제
폴리글리세릴-10올리에이트/스테아레이트,유화제
폴리글리세릴-10올리에이트/팔미테이트/스테아레이트,유화제
폴리글리세릴-10운데실레네이트,유화제
폴리글리세릴-10카프레이트,유화제
폴리글리세릴-10카프릴레이트,유화제
폴리글리세릴-10카프릴레이트/카프레이트,용제
폴리글리세릴-10테트라올리에이트,유화제
폴리글리세릴-10트라이데카노에이트,유화제
폴리글리세릴-10트라이스테아레이트,유화제
폴리글리세릴-10트라이아이소스테아레이트,유화제
폴리글리세릴-10트라이에루케이트,유화제
폴리글리세릴-10트라이올리에이트,유화제
폴리글리세릴-10팔메이트,유화제
폴리글리세릴-10팔미테이트,유화제
폴리글리세릴-10펜타라우레이트,유화제
폴리글리세릴-10펜타리놀리에이트,유화제
폴리글리세릴-10펜타리시놀리에이트,유화제
폴리글리세릴-10펜타스테아레이트,유화제
폴리글리세릴-10펜타아이소스테아레이트,유화제
폴리글리세릴-10펜타올리에이트,유화제
폴리글리세릴-10펜타하이드록시스테아레이트,유화제
폴리글리세릴-10폴리리시놀리에이트,유화제
폴리글리세릴-10폴리하이드록시스테아레이트,유화제
폴리글리세릴-10하이드록시프로필에틸헥실에터,유화제
폴리글리세릴-10헥사에루케이트,유화제
폴리글리세릴-10헥사올리에이트,유화제
폴리글리세릴-10헵타노에이트,유화제
폴리글리세릴-10헵타스테아레이트,유화제
폴리글리세릴-10헵타올리에이트,유화제
폴리글리세릴-10헵타하이드록시스테아레이트,유화제
폴리글리세릴-12비스(하이드록시프로필에틸헥실에터),유화제
폴리글리세릴-15다이아이소스테아레이트,유화제
폴리글리세릴-2-피이지-4스테아레이트,유화제
폴리글리세릴-20옥타데카베헤네이트/하이드록시스테아레이트,유화제
폴리글리세릴-20코코에이트/세바케이트,유화제
폴리글리세릴-2다이스테아레이트,유화제
폴리글리세릴-2다이아이소스테아레이트,유화제
폴리글리세릴-2다이올리에이트,유화제
폴리글리세릴-2라놀린알코올에터,유화제
폴리글리세릴-2라우레이트,유화제
폴리글리세릴-2라우릴에터,유화제
폴리글리세릴-2미리스테이트,유화제
폴리글리세릴-2세스퀴스테아레이트,유화제
폴리글리세릴-2세스퀴올리에이트,유화제
폴리글리세릴-2세스퀴이소스테아레이트,유화제
폴리글리세릴-2세스퀴카프릴레이트,유화제
폴리글리세릴-2솔비탄테트라에틸헥사노에이트,유화제
폴리글리세릴-2스테아레이트,유화제
폴리글리세릴-2아이소스테아레이트,유화제
폴리글리세릴-2아이소팔미테이트,유화제
폴리글리세릴-2아이소팔미테이트/세바케이트,유화제
폴리글리세릴-2올레일에터,유화제
폴리글리세릴-2올리에이트,유화제
폴리글리세릴-2카프레이트,유화제
폴리글리세릴-2카프릴레이트,유화제
폴리글리세릴-2테트라스테아레이트,유화제
폴리글리세릴-2테트라아이소스테아레이트,유화제
폴리글리세릴-2테트라올리에이트,유화제
폴리글리세릴-2트라이아이소스테아레이트,용제
폴리글리세릴-2팔미테이트,유화제
폴리글리세릴-2하이드록시프로필에틸헥실에터,유화제
폴리글리세릴-3다이메티콘,유화제
폴리글리세릴-3다이스테아레이트,유화제
폴리글리세릴-3다이시트레이트,유화제
폴리글리세릴-3다이시트레이트/스테아레이트,유화제
폴리글리세릴-3다이실록세인다이메티콘,유화제
폴리글리세릴-3다이아이소스테아레이트,유화제
폴리글리세릴-3다이올리에이트,유화제
폴리글리세릴-3다이카프레이트,유화제
폴리글리세릴-3다이코코에이트,유화제
폴리글리세릴-3다이하이드록시스테아레이트,유화제
폴리글리세릴-3데실테트라데실에터,유화제
폴리글리세릴-3라우레이트,유화제
폴리글리세릴-3라이스브라네이트,유화제
폴리글리세릴-3라이스브라네이트포스페이트,유화제
폴리글리세릴-3리시놀리에이트,유화제
폴리글리세릴-3메틸글루코오스다이스테아레이트,유화제
폴리글리세릴-3미리스테이트,유화제
폴리글리세릴-3베타이네이트말레이트,용제
폴리글리세릴-3비즈왁스,유화제
폴리글리세릴-3선플라워씨데이트/시트레이트크로스폴리머,유화제
폴리글리세릴-3세테아릴에터올리베이트,유화제
폴리글리세릴-3세틸에터,유화제
폴리글리세릴-3스테아레이트,유화제
폴리글리세릴-3스테아레이트에스이,유화제
폴리글리세릴-3아이소스테아레이트,유화제
폴리글리세릴-3올리베이트포스페이트,유화제
폴리글리세릴-3올리에이트,유화제
폴리글리세릴-3올리에이트/스테아레이트,유화제
폴리글리세릴-3카프레이트,유화제
폴리글리세릴-3카프레이트/카프릴레이트/석시네이트,유화제
폴리글리세릴-3카프릴레이트,유화제
폴리글리세릴-3코코에이트,유화제
폴리글리세릴-3트라이아이소스테아레이트,유화제
폴리글리세릴-3팔미테이트,유화제
폴리글리세릴-3펜타리시놀레이트,유화제
폴리글리세릴-3펜타올리베이트,유화제
폴리글리세릴-3폴리다이메틸실록시에틸다이메티콘,유화제
폴리글리세릴-3폴리리시놀리에이트,유화제
폴리글리세릴-3하이드록시라우릴에터,유화제
폴리글리세릴-3하이드록시프로필에틸헥실에터,유화제
폴리글리세릴-4-피이지-2코카마이드,유화제
폴리글리세릴-4다이라우레이트,유화제
폴리글리세릴-4다이스테아레이트,유화제
폴리글리세릴-4다이아이소스테아레이트/폴리하이드록시스테아레이트/세바케이트,유화제
폴리글리세릴-4라우레이트,유화제
폴리글리세릴-4라우레이트/석시네이트,유화제
폴리글리세릴-4라우릴에터,유화제
폴리글리세릴-4스위트아몬데이트,유화제
폴리글리세릴-4스테아레이트,유화제
폴리글리세릴-4아몬데이트/시어버터레이트,유화제
폴리글리세릴-4아이소스테아레이트,유화제
폴리글리세릴-4아이소스테아레이트/라우레이트,유화제
폴리글리세릴-4올레일에터,유화제
폴리글리세릴-4올레일에터올리베이트,유화제
폴리글리세릴-4올리베이트,유화제
폴리글리세릴-4올리에이트,유화제
폴리글리세릴-4카프레이트,유화제
폴리글리세릴-4카프릴레이트,유화제
폴리글리세릴-4코코에이트,유화제
폴리글리세릴-4트라이스테아레이트,유화제
폴리글리세릴-4펜타스테아레이트,유화제
폴리글리세릴-4펜타올리에이트,유화제
폴리글리세릴-4펜타팔미테이트/스테아레이트,유화제
폴리글리세릴-4폴리리시놀리에이트,유화제
폴리글리세릴-4푸니케이트,유화제
폴리글리세릴-4하이드록시프로필에틸헥실에터,유화제
폴리글리세릴-5다이올리에이트,유화제
폴리글리세릴-5라우레이트,유화제
폴리글리세릴-5미리스테이트,유화제
폴리글리세릴-5비스(하이드록시프로필에틸헥실에터),유화제
폴리글리세릴-5스테아레이트,유화제
폴리글리세릴-5아이소스테아레이트,유화제
폴리글리세릴-5올리에이트,유화제
폴리글리세릴-5카프레이트,유화제
폴리글리세릴-5트라이미리스테이트,유화제
폴리글리세릴-5트라이베헤네이트,유화제
폴리글리세릴-5트라이스테아레이트,유화제
폴리글리세릴-5트라이아이소스테아레이트,유화제
폴리글리세릴-5트라이올리에이트,유화제
폴리글리세릴-5펜타미리스테이트,유화제
폴리글리세릴-5폴리리시놀리에이트,유화제
폴리글리세릴-5헥사스테아레이트,유화제
폴리글리세릴-6다이스테아레이트,유화제
폴리글리세릴-6다이아이소스테아레이트,유화제
폴리글리세릴-6다이올리에이트,유화제
폴리글리세릴-6다이카프레이트,유화제
폴리글리세릴-6다이팔미테이트,유화제
폴리글리세릴-6라우레이트,유화제
폴리글리세릴-6리시놀리에이트,유화제
폴리글리세릴-6미리스테이트,유화제
폴리글리세릴-6비스(하이드록시프로필에틸헥실에터),유화제
폴리글리세릴-6세스퀴스테아레이트,유화제
폴리글리세릴-6세스퀴아이소스테아레이트,유화제
폴리글리세릴-6스테아레이트,유화제
폴리글리세릴-6아르간커넬레이트,유화제
폴리글리세릴-6아이소스테아레이트,유화제
폴리글리세릴-6옥타스테아레이트,유화제
폴리글리세릴-6올리에이트,유화제
폴리글리세릴-6운데실레네이트,유화제
폴리글리세릴-6카프레이트,유화제
폴리글리세릴-6카프릴레이트,유화제
폴리글리세릴-6테트라베헤네이트,유화제
폴리글리세릴-6테트라올리에이트,유화제
폴리글리세릴-6트라이스테아레이트,유화제
폴리글리세릴-6팔미테이트,유화제
폴리글리세릴-6팔미테이트/석시네이트,유화제
폴리글리세릴-6펜타리시놀레이트,유화제
폴리글리세릴-6펜타스테아레이트,유화제
폴리글리세릴-6펜타올리에이트,유화제
폴리글리세릴-6폴리리시놀리에이트,유화제
폴리글리세릴-6폴리하이드록시스테아레이트,유화제
폴리글리세릴-6폴스산달우드씨데이트,유화제
폴리글리세릴-6헥사스테아레이트,유화제
폴리글리세릴-6헥사올리에이트,유화제
폴리글리세릴-8스테아레이트,유화제
폴리글리세릴-8올리에이트,유화제
폴리글리세릴다이머소이에이트,유화제
폴리다이메틸실록시피이지/피피지-24/19부틸에터실세스퀴옥세인,유화제
폴리다이메틸실록시피피지-13부틸에터실세스퀴옥세인,유화제
폴리부텐,점증제
폴리부틸렌테레프탈레이트,점증제
폴리비닐부틸알,점증제
폴리비닐알코올,점증제
폴리솔베이트20,유화제
폴리솔베이트20다이신나메이트,유화제
폴리솔베이트21,유화제
폴리솔베이트40,유화제
폴리솔베이트60,유화제
폴리솔베이트61,유화제
폴리솔베이트65,유화제
폴리솔베이트80,유화제
폴리솔베이트80다이신나메이트,유화제
폴리솔베이트80아세테이트,유화제
폴리솔베이트81,유화제
폴리솔베이트85,유화제
폴리스타이렌,점증제
폴리실리콘-17,점증제
폴리아미노프로필바이구아나이드,보존제
폴리아크릴레이트-29,유화제
폴리아크릴릭애씨드,점증제
폴리에스터-5,점증제
폴리에스터-6,유화제
폴리엡실론-라이신,유화제
폴리우레탄-28,유화제
폴리쿼터늄-52,점증제
폴리쿼터늄-75,유화제
폴리쿼터늄-78,유화제
폴리쿼터늄-79,유화제
폴리쿼터늄-80,유화제
폴리쿼터늄-88,유화제
폴리프로판다이올-4,용제
폴리프로필렌,점증제
푸마릭애씨드,pH 조정제
퓨젤위트브랜/스트로글라이코사이드,용제
프렌치라벤더추출물,향료
프로판다이올,용제
프로판다이올다이카프릴레이트,용제
프로피오닉애씨드,보존제
프로필갈레이트,향료
프로필렌글라이콜,용제
프로필렌글라이콜t-부틸에터,용제
프로필렌글라이콜다이헵타노에이트,용제
프로필렌글라이콜라우레스-6,유화제
프로필렌글라이콜라우레이트,유화제
프로필렌글라이콜리놀리네이트,유화제
프로필렌글라이콜리놀리에이트,유화제
프로필렌글라이콜리시놀리에이트,유화제
프로필렌글라이콜미리스테이트,유화제
프로필렌글라이콜베헤네이트,유화제
프로필렌글라이콜부틸에터,용제
프로필렌글라이콜소이에이트,유화제
프로필렌글라이콜스테아레이트,유화제
프로필렌글라이콜스테아레이트에스이,유화제
프로필렌글라이콜아이소데세스-12,유화제
프로필렌글라이콜아이소데세스-4,유화제
프로필렌글라이콜아이소스테아레이트,유화제
프로필렌글라이콜알지네이트,향료
프로필렌글라이콜올레스-5,유화제
프로필렌글라이콜올리에이트,유화제
프로필렌글라이콜올리에이트에스이,유화제
프로필렌글라이콜카프레스-4,유화제
프로필렌글라이콜카프릴레이트,유화제
프로필렌글라이콜코코에이트,유화제
프로필렌글라이콜프로필에터,용제
프로필렌글라이콜하이드록시스테아레이트,유화제
프로필렌글라이콜헵타노에이트,유화제
프로필렌카보네이트,용제
프로필아세테이트,용제
프로필알코올,용제
프로필트라이메티콘,용제
프로필파라벤,보존제
프롤린,향료
피나무꽃수,향료
피록톤올아민,보존제
피브이엠/엠에이데카디엔크로스폴리머,점증제
피이지-10,용제
피이지-100,용제
피이지-100하이드로제네이티드캐스터오일,향료
피이지-10글리세릴다이아이소스테아레이트,유화제
피이지-10글리세릴스테아레이트,유화제
피이지-10글리세릴아이소스테아레이트,유화제
피이지-10글리세릴올리에이트,유화제
피이지-10글리세릴트라이스테아레이트,유화제
피이지-10글리세릴트라이아이소스테아레이트,유화제
피이지-10글리세릴트라이올리에이트,유화제
피이지-10다이올리에이트,유화제
피이지-10라놀레이트,유화제
피이지-10라놀린,유화제
피이지-10라우레이트,유화제
피이지-10메틸에터다이메티콘,유화제
피이지-10부틸렌글라이콜아이소스테아레이트,유화제
피이지-10선플라워글리세라이즈,유화제
피이지-10소이스테롤,유화제
피이지-10소이아민,유화제
피이지-10스테아라마이드,유화제
피이지-10스테아라민,유화제
피이지-10스테아레이트,유화제
피이지-10아이소라우릴티오에터,유화제
피이지-10아이소스테아레이트,유화제
피이지-10올리브글리세라이즈,유화제
피이지-10올리에이트,유화제
피이지-10츠바키에이트글리세라이즈,유화제
피이지-10캐스터오일,유화제
피이지-10코카민,유화제
피이지-10코코에이트,유화제
피이지-10톨레이트,유화제
피이지-10폴리글리세릴-2라우레이트,유화제
피이지-10폴리다이메틸실록시에틸다이메티콘/비스-비닐다이메티콘크로스폴리머,유화제
피이지-10프로필렌글라이콜,용제
피이지-10피토스테롤,유화제
피이지-10하이드로제네이티드라놀린,유화제
피이지-10하이드로제네이티드캐스터오일,유화제
피이지-10하이드로제네이티드캐스터오일아이소스테아레이트,유화제
피이지-10하이드로제네이티드캐스터오일트라이아이소스테아레이트,유화제
피이지-10하이드로제네이티드탈로우아민,유화제
피이지-114폴리락틱애씨드,유화제
피이지-11라우라마이드,유화제
피이지-11메틸에터다이메티콘,유화제
피이지-11바바수글리세라이즈,유화제
피이지-11아보카도글리세라이즈,유화제
피이지-11올리에이트,유화제
피이지-11캐스터오일,유화제
피이지-11코카마이드,유화제
피이지-11코코아버터글리세라이즈,유화제
피이지-12,용제
피이지-12글리세릴다이올리에이트,유화제
피이지-12글리세릴라우레이트,유화제
피이지-12글리세릴리놀리에이트,유화제
피이지-12다이라우레이트,유화제
피이지-12다이메티콘크로스폴리머,유화제
피이지-12다이스테아레이트,유화제
피이지-12다이아이소스테아레이트,유화제
피이지-12다이올리에이트,유화제
피이지-12다이톨레이트,유화제
피이지-12라놀레이트,유화제
피이지-12라우레이트,유화제
피이지-12비즈왁스,유화제
피이지-12스테아레이트,유화제
피이지-12아이소스테아레이트,유화제
피이지-12올리에이트,유화제
피이지-12코카민,유화제
피이지-12톨레이트,유화제
피이지-12팔미타민,유화제
피이지-12팜커넬글리세라이즈,유화제
피이지-135,용제
피이지-13다이페닐올프로판,유화제
피이지-13밍크글리세라이즈,유화제
피이지-13선플라워글리세라이즈,유화제
피이지-13에틸헥사노에이트,유화제
피이지-13하이드로제네이티드탈로우아마이드,유화제
피이지-14,용제
피이지-140글리세릴트라이스테아레이트,유화제
피이지-14M,점증제
피이지-14라우레이트,유화제
피이지-14스테아레이트,유화제
피이지-14아보카도글리세라이즈,유화제
피이지-14올리에이트,유화제
피이지-14톨레이트,유화제
피이지-150,용제
피이지-150/스테아릴알코올/에스엠디아이코폴리머,점증제
피이지-150펜타에리스리틸테트라스테아레이트,유화제
피이지-150폴리글리세릴-2트라이스테아레이트,유화제
피이지-15글리세릴다이아이소스테아레이트,유화제
피이지-15글리세릴라우레이트,유화제
피이지-15글리세릴리시놀리에이트,유화제
피이지-15글리세릴스테아레이트,유화제
피이지-15글리세릴아이소스테아레이트,유화제
피이지-15글리세릴올리에이트,유화제
피이지-15글리세릴트라이스테아레이트,유화제
피이지-15글리세릴트라이아이소스테아레이트,유화제
피이지-15글리세릴트라이올리에이트,유화제
피이지-15라놀레이트,유화제
피이지-15부탄다이올,용제
피이지-15부틸렌글라이콜다이아이소스테아레이트,유화제
피이지-15소이아민,유화제
피이지-15스테아라마이드,유화제
피이지-15스테아라민,유화제
피이지-15스테아레이트,유화제
피이지-15올레아민,유화제
피이지-15올리에이트,유화제
피이지-15캐스터오일,유화제
피이지-15코카민,유화제
피이지-15코카민올리에이트/포스페이트,유화제
피이지-15코코에이트,유화제
피이지-15코코폴리아민,유화제
피이지-15톨레이트,유화제
피이지-15피토스테롤,유화제
피이지-15하이드로제네이티드라놀린,유화제
피이지-15하이드로제네이티드캐스터오일아이소스테아레이트,유화제
피이지-15하이드로제네이티드캐스터오일트라이아이소스테아레이트,유화제
피이지-15하이드로제네이티드탈로우아민,유화제
피이지-15하이드록시스테아레이트,유화제
피이지-15호호바알코올,유화제
피이지-15호호바애씨드,유화제
피이지-16,용제
피이지-16다이라우레이트,유화제
피이지-16마카다미아글리세라이즈,유화제
피이지-16세틸/올레일/스테아릴/라놀린알코올에터,유화제
피이지-16소이스테롤,유화제
피이지-16올리에이트,유화제
피이지-16캐스터오일,유화제
피이지-16톨레이트,유화제
피이지-16하이드로제네이티드캐스터오일,유화제
피이지-175다이아이소스테아레이트,유화제
피이지-18,용제
피이지-180,용제
피이지-18글리세릴올리에이트/코코에이트,유화제
피이지-18스테아레이트,유화제
피이지-18팔미테이트,유화제
피이지-18팜글리세라이즈,유화제
피이지-190다이스테아레이트,유화제
피이지-192아프리코트커넬글리세라이즈,유화제
피이지-20,용제
피이지-20-피피지-10글리세릴스테아레이트,유화제
피이지-200,용제
피이지-200하이드로제네이티드캐스터오일,향료
피이지-20글리세릴다이아이소스테아레이트,유화제
피이지-20글리세릴라우레이트,유화제
피이지-20글리세릴리시놀리에이트,유화제
피이지-20글리세릴스테아레이트,유화제
피이지-20글리세릴아이소스테아레이트,유화제
피이지-20글리세릴올리에이트,유화제
피이지-20글리세릴트라이스테아레이트,유화제
피이지-20글리세릴트라이아이소스테아레이트,유화제
피이지-20글리세릴트라이올리에이트,유화제
피이지-20다이라우레이트,유화제
피이지-20다이스테아레이트,유화제
피이지-20다이올리에이트,유화제
피이지-20라놀레이트,유화제
피이지-20라놀린,유화제
피이지-20만니탄라우레이트,유화제
피이지-20메틸글루코오스다이스테아레이트,유화제
피이지-20메틸글루코오스세스퀴라우레이트,유화제
피이지-20메틸글루코오스세스퀴스테아레이트,유화제
피이지-20메틸글루코오스세스퀴카프릴레이트/세스퀴카프레이트,유화제
피이지-20미리스테이트,유화제
피이지-20비즈왁스,유화제
피이지-20소이스테롤,유화제
피이지-20솔비탄아이소스테아레이트,유화제
피이지-20솔비탄올리에이트,유화제
피이지-20솔비탄트라이아이소스테아레이트,유화제
피이지-20스테아레이트,유화제
피이지-20아몬드글리세라이즈,유화제
피이지-20아이소스테아레이트,유화제
피이지-20올리에이트,유화제
피이지-20츠바키에이트글리세라이즈,유화제
피이지-20캐스터오일,유화제
피이지-20코카마이드,유화제
피이지-20코카마이드엠이에이,유화제
피이지-20코카민,유화제
피이지-20콘글리세라이즈,유화제
피이지-20탈로우에이트,유화제
피이지-20톨레이트,유화제
피이지-20팔미테이트,유화제
피이지-20피토스테롤,유화제
피이지-20하이드로제네이티드다이머다이리놀리에이트,유화제
피이지-20하이드로제네이티드라놀린,유화제
피이지-20하이드로제네이티드캐스터오일,유화제
피이지-20하이드로제네이티드캐스터오일아이소스테아레이트,유화제
피이지-20하이드로제네이티드캐스터오일트라이아이소스테아레이트,유화제
피이지-20하이드로제네이티드캐스터오일피씨에이아이소스테아레이트,유화제
피이지-20하이드로제네이티드탈로우아민,유화제
피이지-20하이드로제네이티드팜글리세라이즈,유화제
피이지-20헥사데세닐석시네이트,유화제
피이지-220,용제
피이지-23M,점증제
피이지-23옥틸도데카노에이트,유화제
피이지-23올리베이트,유화제
피이지-23헥사데실이코사노에이트,유화제
피이지-240,용제
피이지-24라놀린,유화제
피이지-24하이드로제네이티드라놀린,유화제
피이지-25글리세릴아이소스테아레이트,유화제
피이지-25글리세릴트라이올리에이트,유화제
피이지-25모링가글리세라이즈,유화제
피이지-25부틸렌글라이콜아이소스테아레이트,유화제
피이지-25소이스테롤,유화제
피이지-25캐스터오일,유화제
피이지-25피토스탄올,유화제
피이지-25피토스테롤,유화제
피이지-25하이드로제네이티드캐스터오일,유화제
피이지-26캐스터오일,유화제
피이지-26호호바알코올,유화제
피이지-26호호바애씨드,유화제
피이지-27라놀린,유화제
피이지-29캐스터오일,유화제
피이지-2M,점증제
피이지-2다이라우레이트,유화제
피이지-2다이스테아레이트,유화제
피이지-2다이아이소노나노에이트,유화제
피이지-2다이아이소스테아레이트,유화제
피이지-2다이에틸헥사노에이트,유화제
피이지-2다이올리에이트,유화제
피이지-2라우라마이드,유화제
피이지-2라우레이트,유화제
피이지-2라우레이트에스이,유화제
피이지-2리시놀리에이트,유화제
피이지-2벤질에터,용제
피이지-2선플라워글리세라이즈,유화제
피이지-2솔비탄아이소스테아레이트,유화제
피이지-2솔비탄트라이올리에이트,유화제
피이지-2스테아레이트,유화제
피이지-2스테아레이트에스이,유화제
피이지-2아이소스테아레이트,유화제
피이지-2올레아민,유화제
피이지-2올리브글리세라이즈,유화제
피이지-2올리에이트,유화제
피이지-2올리에이트에스이,유화제
피이지-2카프릴릴아민,유화제
피이지-2캐스터오일,유화제
피이지-2코카마이드,유화제
피이지-2코카민,유화제
피이지-2페닐에터,용제
피이지-2하이드로제네이티드캐스터오일,유화제
피이지-3/피피지-2글리세릴/솔비톨하이드록시스테아레이트/아이소스테아레이트,유화제
피이지-30글리세릴다이아이소스테아레이트,유화제
피이지-30글리세릴트라이아이소스테아레이트,유화제
피이지-30글리세릴트라이올리에이트,유화제
피이지-30다이폴리하이드록시스테아레이트,유화제
피이지-30라놀린,유화제
피이지-30소이스테롤,유화제
피이지-30솔비탄테트라올리에이트,유화제
피이지-30아이소스테아레이트,유화제
피이지-30캐스터오일,유화제
피이지-30피토스테롤,유화제
피이지-30하이드로제네이티드캐스터오일,유화제
피이지-30하이드로제네이티드캐스터오일아이소스테아레이트,유화제
피이지-30하이드로제네이티드캐스터오일트라이아이소스테아레이트,유화제
피이지-32,용제
피이지-32다이라우레이트,유화제
피이지-32다이스테아레이트,유화제
피이지-32다이올리에이트,유화제
피이지-32메틸에터다이메티콘,유화제
피이지-33,용제
피이지-33캐스터오일,유화제
피이지-350,용제
피이지-35소이글리세라이즈,유화제
피이지-35아몬드글리세라이즈,유화제
피이지-35캐스터오일,유화제
피이지-35하이드로제네이티드캐스터오일,유화제
피이지-36캐스터오일,유화제
피이지-3글리세릴아이소스테아레이트,유화제
피이지-3글리세릴코코에이트,유화제
피이지-3글리세릴트라이스테아레이트,유화제
피이지-3글리세릴트라이아이소스테아레이트,유화제
피이지-3글리세릴트라이올리에이트,유화제
피이지-3다이스테아레이트,유화제
피이지-3다이아이소스테아레이트,유화제
피이지-3다이올리에이트,유화제
피이지-3다이카프릴레이트/카프레이트,유화제
피이지-3다이팔미테이트,유화제
피이지-3라놀레이트,유화제
피이지-3라우라마이드,유화제
피이지-3레이프시드아미노프로필아민,유화제
피이지-3메틸에터,용제
피이지-3부틸렌글라이콜라우레이트,유화제
피이지-3솔비탄스테아레이트,유화제
피이지-3솔비탄올리에이트,유화제
피이지-3스테아레이트,유화제
피이지-3아이소스테아레이트,유화제
피이지-3올레아마이드,유화제
피이지-3올리에이트,유화제
피이지-3캐스터오일,유화제
피이지-3코카마이드,유화제
피이지-3코카마이드디이에이,유화제
피이지-3코카민,유화제
피이지-4,용제
피이지-4-피피지-7C13/C15알코올,유화제
피이지-40,용제
피이지-400,용제
피이지-40글리세릴아이소스테아레이트,유화제
피이지-40글리세릴트라이아이소스테아레이트,유화제
피이지-40글리세릴트라이올리에이트,유화제
피이지-40다이스테아레이트,유화제
피이지-40라놀린,유화제
피이지-40메틸에터,용제
피이지-40솔비탄다이아이소스테아레이트,유화제
피이지-40솔비탄올리에이트,유화제
피이지-40솔비탄테트라올리에이트,유화제
피이지-40솔비탄퍼아이소스테아레이트,유화제
피이지-40솔비탄페롤리에이트,유화제
피이지-40아이소스테아레이트,유화제
피이지-40올리브글리세라이즈,유화제
피이지-40하이드로제네이티드다이머다이리놀리에이트,유화제
피이지-40하이드로제네이티드라놀린,유화제
피이지-40하이드로제네이티드캐스터오일,유화제
피이지-40하이드로제네이티드캐스터오일아이소스테아레이트,유화제
피이지-40하이드로제네이티드캐스터오일트라이아이소스테아레이트,유화제
피이지-40하이드로제네이티드탈로우아민,유화제
피이지-40호호바애씨드,유화제
피이지-42머쉬룸글리세라이즈,유화제
피이지-42바바수글리세라이즈,유화제
피이지-45,용제
피이지-450,용제
피이지-45M,점증제
피이지-45사플라워글리세라이즈,유화제
피이지-45팜커넬글리세라이즈,유화제
피이지-4글리세릴트라이스테아레이트,유화제
피이지-4다이라우레이트,유화제
피이지-4다이스테아레이트,유화제
피이지-4다이아이소스테아레이트,유화제
피이지-4다이올리에이트,유화제
피이지-4다이코코에이트,유화제
피이지-4다이헵타노에이트,유화제
피이지-4라놀레이트,유화제
피이지-4라우레이트,유화제
피이지-4레이프씨드아마이드,유화제
피이지-4메틸에터,용제
피이지-4솔비탄스테아레이트,유화제
피이지-4솔비탄트라이아이소스테아레이트,유화제
피이지-4스테아라마이드,유화제
피이지-4스테아레이트,유화제
피이지-4아이소스테아레이트,유화제
피이지-4에틸헥사노에이트,유화제
피이지-4올레아마이드,유화제
피이지-4올리베이트,유화제
피이지-4올리에이트,유화제
피이지-4카프릴릭/카프릭글리세라이즈,유화제
피이지-4캐스터오일,유화제
피이지-4코카마이드,유화제
피이지-4코카민,유화제
피이지-4톨레이트,유화제
피이지-4폴리글리세릴-2다이스테아레이트,유화제
피이지-4폴리글리세릴-2스테아레이트,유화제
피이지-4프롤린리놀리네이트,유화제
피이지-4프롤린리놀리에이트,유화제
피이지-500,용제
피이지-50글리세릴아이소스테아레이트,유화제
피이지-50글리세릴트라이아이소스테아레이트,유화제
피이지-50글리세릴트라이올리에이트,유화제
피이지-50시어버터,유화제
피이지-50하이드로제네이티드캐스터오일,향료
피이지-50하이드로제네이티드캐스터오일석시네이트,유화제
피이지-50하이드로제네이티드캐스터오일아이소스테아레이트,유화제
피이지-50하이드로제네이티드캐스터오일트라이아이소스테아레이트,유화제
피이지-55,용제
피이지-58하이드로제네이티드캐스터오일아이소스테아레이트,유화제
피이지-5M,점증제
피이지-5글리세릴세스퀴올리에이트,유화제
피이지-5글리세릴스테아레이트,유화제
피이지-5글리세릴아이소스테아레이트,유화제
피이지-5글리세릴올리에이트,유화제
피이지-5글리세릴트라이스테아레이트,유화제
피이지-5글리세릴트라이아이소스테아레이트,유화제
피이지-5글리세릴트라이올리에이트,유화제
피이지-5라놀레이트,유화제
피이지-5라놀린,유화제
피이지-5라우라마이드,유화제
피이지-5소이스테롤,유화제
피이지-5소이아민,유화제
피이지-5솔비탄아이소스테아레이트,유화제
피이지-5스테아라민,유화제
피이지-5스테아레이트,유화제
피이지-5아이소노나노에이트,유화제
피이지-5에틸헥사노에이트,유화제
피이지-5올레아마이드,유화제
피이지-5올레아민,유화제
피이지-5올리에이트,유화제
피이지-5츠바키에이트글리세라이즈,유화제
피이지-5캐스터오일,유화제
피이지-5코카마이드,유화제
피이지-5코카민,유화제
피이지-5코코에이트,유화제
피이지-5탈로우아마이드,유화제
피이지-5톨레이트,유화제
피이지-5트라이라우릴시트레이트,유화제
피이지-5트라이미리스틸시트레이트,유화제
피이지-5트라이세틸시트레이트,유화제
피이지-5트라이스테아릴시트레이트,유화제
피이지-5트라이카프릴시트레이트,유화제
피이지-5피토스테롤,유화제
피이지-5하이드로제네이티드라놀린,유화제
피이지-5하이드로제네이티드캐스터오일,유화제
피이지-5하이드로제네이티드캐스터오일아이소스테아레이트,유화제
피이지-5하이드로제네이티드캐스터오일트라이아이소스테아레이트,유화제
피이지-5하이드로제네이티드콘글리세라이즈,유화제
피이지-6,용제
피이지-60,용제
피이지-60글리세릴다이아이소스테아레이트,유화제
피이지-60글리세릴스테아레이트,유화제
피이지-60글리세릴트라이아이소스테아레이트,유화제
피이지-60글리세릴트라이올리에이트,유화제
피이지-60솔비탄테트라스테아레이트,유화제
피이지-60솔비탄테트라올리에이트,유화제
피이지-60시어버터글리세라이즈,유화제
피이지-60아몬드글리세라이즈,유화제
피이지-60이브닝프림로즈글리세라이즈,유화제
피이지-60인카르나타시계꽃씨글리세라이즈,유화제
피이지-60콘글리세라이즈,유화제
피이지-60패션프룻씨글리세라이즈,유화제
피이지-60하이드로제네이티드다이머다이리놀리에이트,유화제
피이지-60하이드로제네이티드캐스터오일,향료
피이지-60하이드로제네이티드캐스터오일트라이아이소스테아레이트,유화제
피이지-65부틸렌글라이콜아이소스테아레이트,유화제
피이지-65하이드로제네이티드캐스터오일,유화제
피이지-6글리세릴아이소스테아레이트,유화제
피이지-6글리세릴카프레이트,유화제
피이지-6글리세릴트라이스테아레이트,유화제
피이지-6다이라우레이트,유화제
피이지-6다이스테아레이트,유화제
피이지-6다이아이소스테아레이트,유화제
피이지-6다이올리에이트,유화제
피이지-6라놀레이트,유화제
피이지-6라우라마이드,유화제
피이지-6라우레이트,유화제
피이지-6라우레이트/타트레이트,유화제
피이지-6메티콘아세테이트,유화제
피이지-6메틸에터,용제
피이지-6메틸에터다이메티콘,유화제
피이지-6부틸렌글라이콜라우레이트,유화제
피이지-6비즈왁스,유화제
피이지-6솔비탄스테아레이트,유화제
피이지-6솔비탄올리에이트,유화제
피이지-6스테아레이트,유화제
피이지-6스테아릴구아니딘,유화제
피이지-6아몬드글리세라이즈,유화제
피이지-6아이소라우릴티오에터,유화제
피이지-6아이소스테아레이트,유화제
피이지-6아이소팔미테이트,유화제
피이지-6올레아마이드,유화제
피이지-6올레아민,유화제
피이지-6올리브글리세라이즈,유화제
피이지-6올리에이트,유화제
피이지-6운데실레네이트,유화제
피이지-6카프릴레이트/카프레이트,유화제
피이지-6카프릴릭/카프릭글리세라이즈,유화제
피이지-6코카마이드,유화제
피이지-6팔미테이트,유화제
피이지-6프로필렌글라이콜카프릴레이트/카프레이트,유화제
피이지-6하이드로제네이티드캐스터오일,유화제
피이지-6하이드로제네이티드팜/팜커넬글리세라이드,유화제
피이지-6하이드로제네이티드팜아마이드,유화제
피이지-7,용제
피이지-7/피피지-2프로필헵틸에터,유화제
피이지-75,용제
피이지-75라놀린왁스,유화제
피이지-75메도우폼오일,유화제
피이지-75베타-시토스테롤,유화제
피이지-75소이글리세라이즈,유화제
피이지-75아비시니안케일씨오일,유화제
피이지-75코코아버터글리세라이즈,유화제
피이지-7M,점증제
피이지-7글리세릴라우레이트,유화제
피이지-7글리세릴소이에이트,유화제
피이지-7글리세릴코코에이트,유화제
피이지-7라놀레이트,유화제
피이지-7리시놀레아마이드,유화제
피이지-7리시놀리에이트,유화제
피이지-7메틸에터,용제
피이지-7메틸에터다이메티콘,유화제
피이지-7선플라워글리세라이즈,유화제
피이지-7스테아레이트,유화제
피이지-7올레아마이드,유화제
피이지-7올리베이트,유화제
피이지-7올리브글리세라이즈,유화제
피이지-7올리에이트,유화제
피이지-7카프릴릭/카프릭글리세라이즈,유화제
피이지-7코카마이드,유화제
피이지-7코코글리세라이즈,유화제
피이지-7트라이메틸올프로판코코넛에터,유화제
피이지-7하이드로제네이티드캐스터오일,유화제
피이지-8,용제
피이지-8-카프릴레이트/카프레이트,유화제
피이지-80,용제
피이지-800,점증제
피이지-80하이드로제네이티드다이머다이리놀리에이트,유화제
피이지-80하이드로제네이티드캐스터오일,향료
피이지-8C12-18알킬에스터,유화제
피이지-8글리세릴라우레이트,유화제
피이지-8글리세릴아이소스테아레이트,유화제
피이지-8다이/트라이리시놀리에이트,유화제
피이지-8다이라우레이트,유화제
피이지-8다이스테아레이트,유화제
피이지-8다이아이소스테아레이트,유화제
피이지-8다이올리에이트,유화제
피이지-8다이코코에이트,유화제
피이지-8다이톨레이트,유화제
피이지-8도데세닐석시네이트,유화제
피이지-8라놀레이트,유화제
피이지-8라우레이트,유화제
피이지-8라즈베리에이트,유화제
피이지-8리놀리네이트,유화제
피이지-8리놀리에이트,유화제
피이지-8리시놀리에이트,유화제
피이지-8미리스테이트,유화제
피이지-8베헤네이트,유화제
피이지-8비즈왁스,유화제
피이지-8세스퀴라우레이트,유화제
피이지-8세스퀴올리에이트,유화제
피이지-8소이아민,유화제
피이지-8스테아레이트,유화제
피이지-8아보카도에이트,유화제
피이지-8아이소라우릴티오에터,유화제
피이지-8아이소스테아레이트,유화제
피이지-8올리에이트,유화제
피이지-8운데실레네이트,유화제
피이지-8카프레이트,유화제
피이지-8카프릴레이트,유화제
피이지-8카프릴릭/카프릭글리세라이즈,유화제
피이지-8캐스터오일,유화제
피이지-8코카민,유화제
피이지-8코코에이트,유화제
피이지-8크랜베리에이트,유화제
피이지-8탈로우아마이드,유화제
피이지-8톨레이트,유화제
피이지-8트라이실록세인,유화제
피이지-8프로필렌글라이콜코코에이트,유화제
피이지-8피이지-4다이메티콘,유화제
피이지-8피피지-8다이메티콘,유화제
피이지-8하이드로제네이티드캐스터오일,유화제
피이지-8하이드로제네이티드탈로우아민,유화제
피이지-8하이드로제네이티드피쉬글리세라이즈,유화제
피이지-9,용제
피이지-90,용제
피이지-90M,점증제
피이지-9M,점증제
피이지-9그레이프씨데이트,유화제
피이지-9글리세릴이소스테아레이트,유화제
피이지-9다이스테아레이트,유화제
피이지-9라우레이트,유화제
피이지-9리시놀리에이트,유화제
피이지-9메틸에터다이메티콘,유화제
피이지-9보리지에이트,유화제
피이지-9부틸렌글라이콜라우레이트,유화제
피이지-9부틸옥타노에이트,유화제
피이지-9소이에이트,유화제
피이지-9스테아레이트,유화제
피이지-9아보카도에이트,유화제
피이지-9아이소스테아레이트,유화제
피이지-9옥틸도데카노에이트,유화제
피이지-9올레아마이드,유화제
피이지-9올리브에이트,유화제
피이지-9올리에이트,유화제
피이지-9캐스터오일,유화제
피이지-9코코글리세라이즈,유화제
피이지-9코코에이트,유화제
피이지-9폴리다이메틸실록시에틸다이메티콘,유화제
"피이지/폴리(1,2-부테인다이올)-52/32다이메틸에터",유화제
피이지/피피지-1/2코폴리머,용제
피이지/피피지-10/2다이리시놀리에이트,유화제
피이지/피피지-10/2코폴리머,유화제
피이지/피피지-10/30코폴리머,용제
피이지/피피지-10/3올레일에터다이메티콘,유화제
피이지/피피지-10/70코폴리머,용제
피이지/피피지-100/70토코페릴에터,유화제
피이지/피피지-116/66코폴리머,용제
피이지/피피지-12/16다이메티콘,유화제
피이지/피피지-12/18다이메티콘,유화제
피이지/피피지-125/30코폴리머,용제
피이지/피피지-14/4다이메티콘,유화제
피이지/피피지-15/15다이메티콘,유화제
피이지/피피지-15/15아세테이트,용제
피이지/피피지-15/15아세테이트다이메티콘,유화제
피이지/피피지-15/15알릴에터아세테이트,유화제
피이지/피피지-15/5다이메티콘,유화제
피이지/피피지-150/30코폴리머,유화제
피이지/피피지-16/2다이메티콘,유화제
피이지/피피지-16/8다이메티콘,유화제
피이지/피피지-160/31코폴리머,용제
피이지/피피지-17/18다이메티콘,유화제
피이지/피피지-17/6코폴리머,용제
피이지/피피지-18/12다이메티콘,유화제
피이지/피피지-18/18다이메티콘,유화제
피이지/피피지-18/4코폴리머,용제
피이지/피피지-19/19다이메티콘,유화제
피이지/피피지-19/21코폴리머,용제
피이지/피피지-2/5토코페릴에터,유화제
피이지/피피지-20/15다이메티콘,유화제
피이지/피피지-20/20다이메티콘,유화제
피이지/피피지-20/22메틸에터다이메티콘,유화제
피이지/피피지-20/22부틸에터다이메티콘,유화제
피이지/피피지-20/29다이메티콘,유화제
피이지/피피지-20/6다이메티콘,유화제
피이지/피피지-200/40코폴리머,용제
피이지/피피지-200/70코폴리머,용제
피이지/피피지-22/22부틸에터다이메티콘,유화제
피이지/피피지-22/23다이메티콘,유화제
피이지/피피지-22/24다이메티콘,유화제
피이지/피피지-23/17코폴리머,용제
피이지/피피지-23/23부틸에터다이메티콘,유화제
피이지/피피지-23/50코폴리머,용제
피이지/피피지-24/18부틸에터다이메티콘,유화제
피이지/피피지-240/60코폴리머,용제
피이지/피피지-25/25다이메티콘,유화제
피이지/피피지-25/30코폴리머,용제
피이지/피피지-26/31코폴리머,용제
피이지/피피지-27/27다이메티콘,유화제
피이지/피피지-27/9부틸에터다이메티콘,유화제
피이지/피피지-28/21아세테이트다이메티콘,유화제
피이지/피피지-3/10다이메티콘,유화제
피이지/피피지-30/10다이메티콘,유화제
피이지/피피지-30/10토코페릴에터,유화제
피이지/피피지-30/160코폴리머,유화제
피이지/피피지-30/33코폴리머,용제
피이지/피피지-32/3다이리시놀리에이트,유화제
피이지/피피지-35/9코폴리머,용제
피이지/피피지-38/8코폴리머,용제
피이지/피피지-4/12다이메티콘,유화제
피이지/피피지-4/2코폴리머,용제
피이지/피피지-5/10토코페릴에터,유화제
피이지/피피지-5/30코폴리머,용제
피이지/피피지-5/30토코페릴에터,유화제
피이지/피피지-5/3트라이실록세인,유화제
피이지/피피지-50/20토코페릴에터,유화제
피이지/피피지-6/11다이메티콘,유화제
피이지/피피지-6/2글리세릴코코에이트,유화제
피이지/피피지-6/2코폴리머,용제
피이지/피피지-6/2프로필헵틸에터,유화제
피이지/피피지-7/50코폴리머,용제
피이지/피피지-8/14다이메티콘,유화제
피이지/피피지-8/17코폴리머,용제
피이지/피피지-8/2프로필헵틸에터,유화제
피이지/피피지-8/3다이아이소스테아레이트,유화제
피이지/피피지-8/3라우레이트,유화제
피이지/피피지-8/55코폴리머,용제
피토스테릴/이소스테아릴/세틸/스테아릴/베헤닐다이머디리놀리에이트,점증제
피토스테릴마카다미에이트,점증제
피토스테릴이소스테아릴다이머디리놀리에이트,점증제
피피지-1-세테스-1,유화제
피피지-1-세테스-10,유화제
피피지-1-세테스-20,유화제
피피지-1-세테스-5,유화제
피피지-1-피이지-9라우릴글라이콜에터,유화제
피피지-10-부테스-9,유화제
피피지-10-세테아레스-20,유화제
피피지-10글리세릴에터,용제
피피지-10라우릴에터,용제
피피지-10부탄다이올,용제
피피지-10세틸에터포스페이트,유화제
피피지-10카프릴릴에터,용제
피피지-10토코페레스-30,유화제
피피지-10호호바알코올,유화제
피피지-12-라네스-50,유화제
피피지-12-부테스-12,유화제
피피지-12-부테스-16,용제
피피지-12-피이지-50라놀린,유화제
피피지-12-피이지-65라놀린오일,유화제
피피지-12다이글루코실C14-18애씨데이트,유화제
피피지-12부틸에터다이메티콘,유화제
피피지-12카프릴레스-18,유화제
피피지-13-데실테트라데세스-24,유화제
피피지-14다이글리세릴에터,유화제
피피지-14폴리글리세릴-2에터,유화제
피피지-15-부테스-20,용제
피피지-16글리세릴에터,유화제
피피지-17-부테스-17,유화제
피피지-19부테스-19,유화제
피피지-1데세스-4,유화제
피피지-1데세스-5,유화제
피피지-1데세스-6,유화제
피피지-1데세스-7,유화제
피피지-1베헤네스-15,유화제
피피지-1트라이데세스-6,유화제
피피지-1하이드록시에틸카프릴아마이드,유화제
피피지-2-데세스-10,유화제
피피지-2-데세스-15,유화제
피피지-2-데세스-20,유화제
피피지-2-데세스-3,유화제
피피지-2-데세스-30,유화제
피피지-2-데세스-7,유화제
피피지-2-라우레스-5,유화제
피피지-2-라우레스-8,유화제
피피지-2-부테스-2,유화제
피피지-2-부테스-3,용제
피피지-2-세테스-1,유화제
피피지-2-세테스-10,유화제
피피지-2-세테스-20,유화제
피피지-2-세테스-5,유화제
피피지-2-세테아레스-9,유화제
피피지-2-아이소데세스-10,유화제
피피지-2-아이소데세스-12,유화제
피피지-2-아이소데세스-4,유화제
피피지-2-아이소데세스-6,유화제
피피지-2-아이소데세스-9,유화제
피피지-2-피이지-11하이드로제네이티드라우릴알코올에터,유화제
피피지-20-데실테트라데세스-10,유화제
피피지-20부테스-30,용제
피피지-20토코페레스-50,유화제
피피지-20피이지-20하이드로제네이티드라놀린,유화제
피피지-21부틸에터포스페이트,유화제
피피지-23-스테아레스-34,유화제
피피지-23-피이지-4트라이메틸올프로판,유화제
피피지-24-글리세레스-24,용제
피피지-24-부테스-27,유화제
피피지-25-글리세레스-22,용제
피피지-25-라우레스-25,유화제
피피지-25-피이지-25트라이메틸올프로판,유화제
피피지-25다이메티콘,유화제
피피지-25부틸에터포스페이트,유화제
피피지-26-부테스-26,유화제
피피지-27글리세릴에터,유화제
피피지-28부테스-35,유화제
피피지-2C12-13알케스-8,유화제
피피지-2C12-15알케스-6,유화제
피피지-2데세스-12,유화제
피피지-2메틸에터,용제
피피지-2메틸에터아세테이트,용제
피피지-2부틸에터,용제
피피지-2아이소세테스-20아세테이트,유화제
피피지-2코카마이드,점증제
피피지-2토코페레스-5,유화제
피피지-2프로필에터,용제
피피지-2하이드록시에틸코카마이드,유화제
피피지-3,용제
피피지-3-라우레스-9,유화제
피피지-3-미레스-11,유화제
피피지-3-미레스-3,유화제
피피지-3-부테스-5,용제
피피지-3-아이스테아레스-9,유화제
피피지-3-피이지-6올레일에터,유화제
피피지-30스테아레스-4,유화제
피피지-30에틸헥세스-4포스페이트,유화제
피피지-34-스테아레스-3,유화제
피피지-35부틸에터포스페이트,유화제
피피지-38-부테스-37,향료
피피지-38스테아레스-6,유화제
피피지-3C12-14Sec-알케스-7,유화제
피피지-3글리세릴에터,유화제
피피지-3메틸에터,용제
피피지-3벤질에터미리스테이트,용제
피피지-3부틸에터,용제
피피지-3카프릴릴에터,용제
피피지-3하이드록시에틸소이아마이드,유화제
피피지-4-부테스-4,유화제
피피지-4-세테스-1,유화제
피피지-4-세테스-10,유화제
피피지-4-세테스-20,유화제
피피지-4-세테스-5,유화제
피피지-4-세테아레스-12,유화제
피피지-40-피이지-60라놀린오일,유화제
피피지-4C12-14Sec-알케스-5,유화제
피피지-4C13-15알케스-15,유화제
피피지-4데세스-4,유화제
피피지-4라우레스-15,유화제
피피지-4라우레스-2,유화제
피피지-4라우레스-5,유화제
피피지-4라우레스-7,유화제
피피지-4트라이데세스-6,유화제
피피지-4호호바알코올,유화제
피피지-4호호바애씨드,유화제
피피지-5-라우레스-5,유화제
피피지-5-부테스-5,유화제
피피지-5-세테스-10포스페이트,유화제
피피지-5-세테스-20,유화제
피피지-50글리세릴에터,유화제
피피지-55글리세릴에터,용제
피피지-5C12-14Sec-알케스-7,유화제
피피지-5C12-14Sec-알케스-9,유화제
피피지-5C9-15알케스-6,유화제
피피지-5부테스-7,용제
피피지-5토코페레스-2,유화제
피피지-5피토스테롤,유화제
피피지-6,용제
피피지-6-데세스-4,유화제
피피지-6-데세스-9,유화제
피피지-6-데실테트라데세스-12,유화제
피피지-6-데실테트라데세스-20,유화제
피피지-6-데실테트라데세스-30,유화제
피피지-66-글리세레스-12,유화제
피피지-67글리세릴에터,용제
피피지-68-피이지-10트라이메틸올프로판,유화제
피피지-6C12-15알케스-12,유화제
피피지-6C12-18알케스-11,유화제
피피지-6C9-11알케스-5,유화제
피피지-6글리세릴에터,유화제
피피지-6라우레스-3,유화제
피피지-6트라이데세스-8,유화제
피피지-7,용제
피피지-7-부테스-10,용제
피피지-7-부테스-4,용제
피피지-7/피이지-30피토스테롤,유화제
피피지-70글리세릴에터,용제
피피지-7라우릴에터,유화제
피피지-8-세레스-2,유화제
피피지-8-세테스-1,유화제
피피지-8-세테스-10,유화제
피피지-8-세테스-20,유화제
피피지-8-세테스-5,유화제
피피지-8글리세릴에터,유화제
피피지-8폴리글리세릴-2에터,유화제
피피지-9-부테스-12,유화제
피피지-9글리세릴에터,유화제
하이드레이티드실리카,점증제
하이드로브로믹애씨드,pH 조정제
하이드로제네이티드다이머다이리놀레스-20,유화제
하이드로제네이티드다이머다이리놀레스-30,유화제
하이드로제네이티드다이머다이리놀레스-40,유화제
하이드로제네이티드다이머다이리놀레스-60,유화제
하이드로제네이티드다이머다이리놀레스-80,유화제
하이드로제네이티드돌콩폴리글리세라이즈/소이아마이드디이에이,유화제
하이드로제네이티드라네스-20,유화제
하이드로제네이티드라네스-5,유화제
하이드로제네이티드라드글리세라이즈,유화제
하이드로제네이티드라드모노글리세라이드,유화제
하이드로제네이티드라이소레시틴,유화제
하이드로제네이티드라이소포스파티딜콜린,유화제
하이드로제네이티드레시틴,유화제
하이드로제네이티드레이프씨드글리세라이즈,유화제
하이드로제네이티드로진,향료
하이드로제네이티드마이크로크리스탈린왁스,점증제
하이드로제네이티드소이글라이세라이드,유화제
하이드로제네이티드식물성글리세라이드,유화제
하이드로제네이티드식물성글리세라이즈시트레이트,유화제
하이드로제네이티드식물성글리세라이즈포스페이트,유화제
하이드로제네이티드올리브오일,점증제
하이드로제네이티드캐스터오일스테아레이트,점증제
하이드로제네이티드코튼씨드글리세라이드,유화제
하이드로제네이티드탈로우,점증제
하이드로제네이티드탈로웨스-12,유화제
하이드로제네이티드탈로웨스-60미리스틸글라이콜,유화제
하이드로제네이티드테트라데세닐/메틸펜타데센,용제
하이드로제네이티드파네신,용제
하이드로제네이티드팜/팜커넬글리세라이즈,유화제
하이드로제네이티드팜/팜커넬오일피이지-6에스터,유화제
하이드로제네이티드팜글리세라이드,유화제
하이드로제네이티드팜애씨드,유화제
하이드로제네이티드팜오일,점증제
하이드로제네이티드팜커넬오일,점증제
하이드로제네이티드팜트라이모늄클로라이드,보존제
하이드로제네이티드포스파티딜콜린,유화제
하이드로제네이티드폴리데센,용제
하이드로제네이티드폴리도데센,용제
하이드로제네이티드해바라기씨오일글레세릴에스터,유화제
하이드로제네이티드해바라기씨오일폴리글레세릴-3에스터,유화제
하이드로클로릭애씨드,pH 조정제
하이드록시세틸포스페이트,유화제
하이드록시스테아릭/리놀레닉/리놀레익폴리글리세라이즈,유화제
하이드록시스테아릭/리놀레닉/올레익폴리글리세라이즈,유화제
하이드록시스테아릴글루코사이드,유화제
하이드록시스테아릴알코올,유화제
하이드록시에틸글리세릴올리에이트/스테아레이트,유화제
하이드록시에틸다이에토늄폴리아이소부테닐트라이에틸아미노석시네이트,유화제
하이드록시에틸에루카미도프로필다이모늄클로라이드,유화제
하이드록시프로필구아,점증제
하이드록시프로필렌카보네이트,용제
하이드록시프로필셀룰로오스,점증제
하이드록시프로필스타치,점증제
하이드록시프로필스타치포스페이트,점증제
하이드록시프로필코코에이트피이지-8다이메티콘,유화제
하이드록실레이티드레시틴,유화제
하이드롤라이즈드돌콩추출물,유화제
하이드롤라이즈드비즈왁스,유화제
하이드롤라이즈드선플라워씨왁스,유화제
하이드롤라이즈드팜소포로리피드,유화제
하이드롤라이즈드호호바에스터,유화제
해수,용제
헥사데센,용제
헥사미딘,보존제
헥사미딘다이이세티오네이트,보존제
헥사미딘다이파라벤,보존제
헥사미딘파라벤,보존제
헥산다이올,용제
헥산다이올/아디페이트/시트레이트크로스폴리머,용제
헥세티딘,보존제
헥센,용제
헥실데세스-2,유화제
헥실데세스-20,유화제
헥실도데실살리실레이트,용제
헥실렌글라이콜,용제
헥실아세테이트,용제
헥실알코올,용제
헥실옥시에탄올,용제
헬리오트로핀,향료
헵탄,용제
현미초,pH 조정제
혼합글리세릴스테아레이트,유화제
혼합터펜,용제
효모/스테비아잎/줄기발효추출물,유화제
히솝잎오일,향료
