product_id,category,brand,product_name,ingredients,product_rating,ingredients_clean_list,ingredients_clean_str
M40,미스트/오일,바이오힐보,판테셀 리페어시카 앰플미스트,"정제수, 네오펜틸글라이콜다이헵타노에이트, 1,2-헥산다이올, 펜틸렌글라이콜, 소듐클로라이드, 판테놀(1%), 병풀추출물, 베타-시토스테롤, 마데카소사이드, 아시아티코사이드, 병풀잎추출물, 아세틸헥사펩타이드-8, 아스코빅애씨드폴리펩타이드, 아세틸옥타펩타이드-3, 아세틸테트라펩타이드-2, 아세틸테트라펩타이드-3, 아세틸테트라펩타이드-5, 아세틸테트라펩타이드-9, 카르노신, 카퍼트라이펩타이드-1, 노나펩타이드-1, 팔미토일펜타펩타이드-4, 팔미토일트라이펩타이드-1, 팔미토일트라이펩타이드-5, 스트렙토코쿠스 테르모필루스발효물, 클로렐라 불가리스추출물, 사과즙, 인도멀구슬나무잎추출물, 인도멀구슬나무꽃추출물, 아이비고드열매추출물, 호박가루, 가지열매추출물, 울금뿌리추출물, 홀리바질잎추출물, 참산호말추출물, 드럼스틱씨오일, 칸디다 봄비콜라/글루코오스/메틸레이프씨데이트발효물, 잇꽃씨오일, 로즈힙열매오일, 스쿠알란, 해바라기씨오일, 소듐피씨에이, 솔비톨, 부틸렌글라이콜, 글루코오스, 글리세린, 프룩토올리고사카라이드, 프룩토오스, 베타인, 시트릭애씨드, 다이포타슘글리시리제이트, 소듐시트레이트, 베타-글루칸, 에틸헥실글리세린, 레시틴, 에스신, 다이프로필렌글라이콜",4.6,"['정제수', '네오펜틸글라이콜다이헵타노에이트', '1,2-헥산다이올', '펜틸렌글라이콜', '소듐클로라이드', '판테놀', '병풀추출물', '베타-시토스테롤', '마데카소사이드', '아시아티코사이드', '병풀잎추출물', '아세틸헥사펩타이드-8', '아스코빅애씨드폴리펩타이드', '아세틸옥타펩타이드-3', '아세틸테트라펩타이드-2', '아세틸테트라펩타이드-3', '아세틸테트라펩타이드-5', '아세틸테트라펩타이드-9', '카르노신', '카퍼트라이펩타이드-1', '노나펩타이드-1', '팔미토일펜타펩타이드-4', '팔미토일트라이펩타이드-1', '팔미토일트라이펩타이드-5', '스트렙토코쿠스 테르모필루스발효물', '클로렐라 불가리스추출물', '사과즙', '인도멀구슬나무잎추출물', '인도멀구슬나무꽃추출물', '아이비고드열매추출물', '호박가루', '가지열매추출물', '울금뿌리추출물', '홀리바질잎추출물', '참산호말추출물', '드럼스틱씨오일', '칸디다 봄비콜라/글루코오스/메틸레이프씨데이트발효물', '잇꽃씨오일', '로즈힙열매오일', '스쿠알란', '해바라기씨오일', '소듐피씨에이', '솔비톨', '부틸렌글라이콜', '글루코오스', '글리세린', '프룩토올리고사카라이드', '프룩토오스', '베타인', '시트릭애씨드', '다이포타슘글리시리제이트', '소듐시트레이트', '베타-글루칸', '글리세린', '레시틴', '에스신', '다이프로필렌글라이콜']","정제수|네오펜틸글라이콜다이헵타노에이트|1,2-헥산다이올|펜틸렌글라이콜|소듐클로라이드|판테놀|병풀추출물|베타-시토스테롤|마데카소사이드|아시아티코사이드|병풀잎추출물|아세틸헥사펩타이드-8|아스코빅애씨드폴리펩타이드|아세틸옥타펩타이드-3|아세틸테트라펩타이드-2|아세틸테트라펩타이드-3|아세틸테트라펩타이드-5|아세틸테트라펩타이드-9|카르노신|카퍼트라이펩타이드-1|노나펩타이드-1|팔미토일펜타펩타이드-4|팔미토일트라이펩타이드-1|팔미토일트라이펩타이드-5|스트렙토코쿠스 테르모필루스발효물|클로렐라 불가리스추출물|사과즙|인도멀구슬나무잎추출물|인도멀구슬나무꽃추출물|아이비고드열매추출물|호박가루|가지열매추출물|울금뿌리추출물|홀리바질잎추출물|참산호말추출물|드럼스틱씨오일|칸디다 봄비콜라/글루코오스/메틸레이프씨데이트발효물|잇꽃씨오일|로즈힙열매오일|스쿠알란|해바라기씨오일|소듐피씨에이|솔비톨|부틸렌글라이콜|글루코오스|글리세린|프룩토올리고사카라이드|프룩토오스|베타인|시트릭애씨드|다이포타슘글리시리제이트|소듐시트레이트|베타-글루칸|글리세린|레시틴|에스신|다이프로필렌글라이콜"
M29,미스트/오일,눅스,윌 프로디쥬스 멀티 드라이 오일,"코코-카프릴레이트/카프레이트, 퀸즈랜드넛오일, 다이카프릴릴에터, 카프릴릭/카프릭트라이글리세라이드, 스위트아몬드오일, 유럽개암씨오일, 유차나무씨오일, 동백나무씨오일, 아르간커넬오일, 보리지씨오일, 토코페롤, 해바라기씨오일, 토코페릴아세테이트, 로즈마리잎추출물, 폴리글리세릴-3다이아이소스테아레이트, 정제수, 아스코빅애씨드, 토마토추출물, 향료, 리날룰, 리모넨, 시트로넬올, 제라니올",4.8,"['코코-카프릴레이트/카프레이트', '퀸즈랜드넛오일', '다이카프릴릴에터', '카프릴릭/카프릭트라이글리세라이드', '스위트아몬드오일', '유럽개암씨오일', '유차나무씨오일', '동백나무씨오일', '아르간커넬오일', '보리지씨오일', '토코페롤', '해바라기씨오일', '토코페릴아세테이트', '로즈마리잎추출물', '폴리글리세릴-3다이아이소스테아레이트', '정제수', '아스코빅애씨드', '토마토추출물', '향료', '리날룰', '리모넨', '시트로넬올', '제라니올']",코코-카프릴레이트/카프레이트|퀸즈랜드넛오일|다이카프릴릴에터|카프릴릭/카프릭트라이글리세라이드|스위트아몬드오일|유럽개암씨오일|유차나무씨오일|동백나무씨오일|아르간커넬오일|보리지씨오일|토코페롤|해바라기씨오일|토코페릴아세테이트|로즈마리잎추출물|폴리글리세릴-3다이아이소스테아레이트|정제수|아스코빅애씨드|토마토추출물|향료|리날룰|리모넨|시트로넬올|제라니올
M30,미스트/오일,로벡틴,인텐스 글로우 오일,"카프릴릭/카프릭트라이글리세라이드, 해바라기씨오일, 동백나무씨오일, 스쿠알란, 올리브오일, 알파-비사보롤, 아틀라스시다나무껍질오일, 불가리스쑥오일, 토코페롤캐모마일꽃오일, 갈바눔수지오일, 비타민나무오일, 비터오렌지꽃오일",4.7,"['카프릴릭/카프릭트라이글리세라이드', '해바라기씨오일', '동백나무씨오일', '스쿠알란', '올리브오일', '알파-비사보롤', '아틀라스시다나무껍질오일', '불가리스쑥오일', '토코페롤캐모마일꽃오일', '갈바눔수지오일', '비타민나무오일', '비터오렌지꽃오일']",카프릴릭/카프릭트라이글리세라이드|해바라기씨오일|동백나무씨오일|스쿠알란|올리브오일|알파-비사보롤|아틀라스시다나무껍질오일|불가리스쑥오일|토코페롤캐모마일꽃오일|갈바눔수지오일|비타민나무오일|비터오렌지꽃오일
M36,미스트/오일,라로슈포제,세로징크 세범 컨트롤 토닝 미스트,"정제수, 소듐클로라이드, 징크설페이트",4.7,"['정제수', '소듐클로라이드', '징크설페이트']",정제수|소듐클로라이드|징크설페이트
M37,미스트/오일,눅스,윌 프로디쥬스 멀티 플로럴 오일,"코코-카프릴레이트/카프레이트, 퀸즈랜드넛오일, 다이카프릴릴에터, 카프릴릭/카프릭트라이글리세라이드, 스위트아몬드오일, 유럽개암씨오일, 유차나무씨오일, 동백나무씨오일, 아르간커넬오일, 보리지씨오일, 토코페롤, 해바라기씨오일, 토코페릴아세테이트, 로즈마리잎추출물, 폴리글리세릴-3다이아이소스테아레이트, 정제수, 아스코빅애씨드, 향료, 리모넨, 리날룰, 시트랄, 시트로넬올, 하이드록시시트로넬알, 제라니올",4.8,"['코코-카프릴레이트/카프레이트', '퀸즈랜드넛오일', '다이카프릴릴에터', '카프릴릭/카프릭트라이글리세라이드', '스위트아몬드오일', '유럽개암씨오일', '유차나무씨오일', '동백나무씨오일', '아르간커넬오일', '보리지씨오일', '토코페롤', '해바라기씨오일', '토코페릴아세테이트', '로즈마리잎추출물', '폴리글리세릴-3다이아이소스테아레이트', '정제수', '아스코빅애씨드', '향료', '리모넨', '리날룰', '시트랄', '시트로넬올', '하이드록시시트로넬알', '제라니올']",코코-카프릴레이트/카프레이트|퀸즈랜드넛오일|다이카프릴릴에터|카프릴릭/카프릭트라이글리세라이드|스위트아몬드오일|유럽개암씨오일|유차나무씨오일|동백나무씨오일|아르간커넬오일|보리지씨오일|토코페롤|해바라기씨오일|토코페릴아세테이트|로즈마리잎추출물|폴리글리세릴-3다이아이소스테아레이트|정제수|아스코빅애씨드|향료|리모넨|리날룰|시트랄|시트로넬올|하이드록시시트로넬알|제라니올
M38,미스트/오일,트릴로지,써티파이드 오가닉 100% 로즈힙 오일,로즈힙씨오일,4.7,['로즈힙씨오일'],로즈힙씨오일
M28,미스트/오일,유리아쥬,리페어링 떼르말 워터,온천수,4.8,['온천수'],온천수
M42,미스트/오일,쌍빠,어딕트 글로우 매직에센스,"비타민나무수, 다이프로필렌글라이콜, 글리세린, 부틸렌글라이콜, 1,2-헥산다이올, 나이아신아마이드, 카프릴릭/카프릭트라이글리세라이드, 아이소헥사데칸, 메틸프로판다이올, 사이클로펜타실록세인, 펜틸렌글라이콜, 참마뿌리추출물, 비타민나무열매추출물, 진주추출물, 로얄젤리추출물, 프로폴리스추출물, 다마스크장미꽃추출물, 당아욱잎추출물, 레몬밤잎추출물, 레몬버베나잎추출물, 로즈마리잎추출물, 마시멜로잎추출물, 마조람잎추출물, 바오밥나무씨추출물, 보리지추출물, 살비아잎추출물, 센티드제라늄추출물, 오레가노잎추출물, 월계수잎추출물, 유칼립투스잎추출물, 인카르나타시계꽃전초추출물, 자주천인국추출물, 캐모마일꽃추출물, 콘민트잎추출물, 포트마리골드꽃추출물, 회향잎추출물, 서양산딸기잎추출물, 녹차수, 오일팜오일, 비타민나무오일, 호호바씨오일, 소듐클로라이드, 해바라기씨오일불검화물, 카프릴릴/카프릴글루코사이드, 폴리쿼터늄-51, 글라이코실트레할로오스, 아데노신, 하이드로제네이티드스타치하이드롤리세이트, 다이소듐이디티에이, 라피노오스, 바이오사카라이드검-1, 레시틴, 말토덱스트린, 향료, 에틸헥실글리세린, 시트로넬올, 제라니올, 리날룰",4.6,"['비타민나무수', '다이프로필렌글라이콜', '글리세린', '부틸렌글라이콜', '1,2-헥산다이올', '나이아신아마이드', '카프릴릭/카프릭트라이글리세라이드', '아이소헥사데칸', '메틸프로판다이올', '사이클로펜타실록세인', '펜틸렌글라이콜', '참마뿌리추출물', '비타민나무열매추출물', '진주추출물', '로얄젤리추출물', '프로폴리스추출물', '다마스크장미꽃추출물', '당아욱잎추출물', '레몬밤잎추출물', '레몬버베나잎추출물', '로즈마리잎추출물', '마시멜로잎추출물', '마조람잎추출물', '바오밥나무씨추출물', '보리지추출물', '살비아잎추출물', '센티드제라늄추출물', '오레가노잎추출물', '월계수잎추출물', '유칼립투스잎추출물', '인카르나타시계꽃전초추출물', '자주천인국추출물', '캐모마일꽃추출물', '콘민트잎추출물', '포트마리골드꽃추출물', '회향잎추출물', '서양산딸기잎추출물', '녹차수', '오일팜오일', '비타민나무오일', '호호바씨오일', '소듐클로라이드', '해바라기씨오일불검화물', '카프릴릴/카프릴글루코사이드', '폴리쿼터늄-51', '글라이코실트레할로오스', '아데노신', '하이드로제네이티드스타치하이드롤리세이트', '다이소듐이디티에이', '라피노오스', '바이오사카라이드검-1', '레시틴', '말토덱스트린', '향료', '글리세린', '시트로넬올', '제라니올', '리날룰']","비타민나무수|다이프로필렌글라이콜|글리세린|부틸렌글라이콜|1,2-헥산다이올|나이아신아마이드|카프릴릭/카프릭트라이글리세라이드|아이소헥사데칸|메틸프로판다이올|사이클로펜타실록세인|펜틸렌글라이콜|참마뿌리추출물|비타민나무열매추출물|진주추출물|로얄젤리추출물|프로폴리스추출물|다마스크장미꽃추출물|당아욱잎추출물|레몬밤잎추출물|레몬버베나잎추출물|로즈마리잎추출물|마시멜로잎추출물|마조람잎추출물|바오밥나무씨추출물|보리지추출물|살비아잎추출물|센티드제라늄추출물|오레가노잎추출물|월계수잎추출물|유칼립투스잎추출물|인카르나타시계꽃전초추출물|자주천인국추출물|캐모마일꽃추출물|콘민트잎추출물|포트마리골드꽃추출물|회향잎추출물|서양산딸기잎추출물|녹차수|오일팜오일|비타민나무오일|호호바씨오일|소듐클로라이드|해바라기씨오일불검화물|카프릴릴/카프릴글루코사이드|폴리쿼터늄-51|글라이코실트레할로오스|아데노신|하이드로제네이티드스타치하이드롤리세이트|다이소듐이디티에이|라피노오스|바이오사카라이드검-1|레시틴|말토덱스트린|향료|글리세린|시트로넬올|제라니올|리날룰"
M52,미스트/오일,연작,스킨 퍼펙팅 글로우 업 프렙 워터,"정제수, 글리세레스-26, 트레할로오스, 나이아신아마이드, 글리세린, 폴리에스터-5, 부틸렌글라이콜, 이노시톨, 1,2-헥산다이올, 하이드록시아세토페논, 프로판다이올, 피피지-13-데실테트라데세스-24, 에틸헥실글리세린, 락토바실러스/홍삼발효여과물, 락토바실러스/쌀발효물, 락토바실러스/콩발효추출물, 자주개자리씨추출물, 효모/율무씨발효여과물, 효모/감자추출물발효여과물, 황차추출물, 트라이소듐에틸렌다이아민다이석시네이트, 말라카이트추출물, 사이아노코발아민, 알지닌, 황차카테킨, 토코페롤, 향료, 리모넨, 시트로넬올, 제라니올",4.6,"['정제수', '글리세레스-26', '트레할로오스', '나이아신아마이드', '글리세린', '폴리에스터-5', '부틸렌글라이콜', '이노시톨', '1,2-헥산다이올', '하이드록시아세토페논', '프로판다이올', '피피지-13-데실테트라데세스-24', '글리세린', '락토바실러스/홍삼발효여과물', '락토바실러스/쌀발효물', '락토바실러스/콩발효추출물', '자주개자리씨추출물', '효모/율무씨발효여과물', '효모/감자추출물발효여과물', '황차추출물', '트라이소듐에틸렌다이아민다이석시네이트', '말라카이트추출물', '사이아노코발아민', '알지닌', '황차카테킨', '토코페롤', '향료', '리모넨', '시트로넬올', '제라니올']","정제수|글리세레스-26|트레할로오스|나이아신아마이드|글리세린|폴리에스터-5|부틸렌글라이콜|이노시톨|1,2-헥산다이올|하이드록시아세토페논|프로판다이올|피피지-13-데실테트라데세스-24|글리세린|락토바실러스/홍삼발효여과물|락토바실러스/쌀발효물|락토바실러스/콩발효추출물|자주개자리씨추출물|효모/율무씨발효여과물|효모/감자추출물발효여과물|황차추출물|트라이소듐에틸렌다이아민다이석시네이트|말라카이트추출물|사이아노코발아민|알지닌|황차카테킨|토코페롤|향료|리모넨|시트로넬올|제라니올"
M45,미스트/오일,쌍빠,어딕트 포어리스 매직 에센스,"다마스크장미꽃추출물, 디프로필렌글라이콜, 카프릴릭/카프릭트리글리세라이드, 이소헥사데칸, 메칠프로판디올, 사이클로펜타실록산, 느릅나무뿌리추출물, 줄맨드라미씨추출물, 병풀추출물, 무화과추출물, 라벤더꽃추출물, 라벤더꽃/잎/줄기추출물, 로즈마리추출물, 한련초추출물, 카렌둘라꽃추출물, 명일엽잎/줄기추출물, 들깨잎추출물, 서양민들레뿌리줄기/뿌리추출물, 선백리향잎추출물, 어성초추출물, 꽃박하잎추출물, 레몬밤잎추출물, 레몬버베나잎추출물, 로즈마리잎추출물, 마시멜로잎추출물, 말로우잎추출물, 바오밥나무씨추출물, 박하잎추출물, 보리지추출물, 세이지잎추출물, 센티드제라늄추출물, 시계꽃추출물, 오레가노잎추출물, 월계수잎추출물, 유칼립투스잎추출물, 자주천인국추출물, 캐모마일꽃추출물, 회향잎추출물, 인도멀구슬나무잎추출물, 페퍼민트오일, 하이드로제네이티드레시틴, 소듐클로라이드, 부틸렌글라이콜, 글리세린, 카프릴릴/카프릴글루코사이드, 멘틸피씨에이, 에칠멘탄카복사마이드, 디소듐이디티에이, 드럼스틱씨오일, 세라마이드엔피, 향료, 페녹시에탄올, 1,2-헥산디올, 에칠헥실글리세린,시트로넬올, 제라니올",4.5,"['다마스크장미꽃추출물', '디프로필렌글라이콜', '카프릴릭/카프릭트리글리세라이드', '이소헥사데칸', '메칠프로판디올', '사이클로펜타실록산', '느릅나무뿌리추출물', '줄맨드라미씨추출물', '병풀추출물', '무화과추출물', '라벤더꽃추출물', '라벤더꽃/잎/줄기추출물', '로즈마리추출물', '한련초추출물', '카렌둘라꽃추출물', '명일엽잎/줄기추출물', '들깨잎추출물', '서양민들레뿌리줄기/뿌리추출물', '선백리향잎추출물', '어성초추출물', '꽃박하잎추출물', '레몬밤잎추출물', '레몬버베나잎추출물', '로즈마리잎추출물', '마시멜로잎추출물', '말로우잎추출물', '바오밥나무씨추출물', '박하잎추출물', '보리지추출물', '세이지잎추출물', '센티드제라늄추출물', '시계꽃추출물', '오레가노잎추출물', '월계수잎추출물', '유칼립투스잎추출물', '자주천인국추출물', '캐모마일꽃추출물', '회향잎추출물', '인도멀구슬나무잎추출물', '페퍼민트오일', '하이드로제네이티드레시틴', '소듐클로라이드', '부틸렌글라이콜', '글리세린', '카프릴릴/카프릴글루코사이드', '멘틸피씨에이', '에칠멘탄카복사마이드', '디소듐이디티에이', '드럼스틱씨오일', '세라마이드엔피', '향료', '페녹시에탄올', '1,2-헥산디올', '글리세린', '시트로넬올', '제라니올']","다마스크장미꽃추출물|디프로필렌글라이콜|카프릴릭/카프릭트리글리세라이드|이소헥사데칸|메칠프로판디올|사이클로펜타실록산|느릅나무뿌리추출물|줄맨드라미씨추출물|병풀추출물|무화과추출물|라벤더꽃추출물|라벤더꽃/잎/줄기추출물|로즈마리추출물|한련초추출물|카렌둘라꽃추출물|명일엽잎/줄기추출물|들깨잎추출물|서양민들레뿌리줄기/뿌리추출물|선백리향잎추출물|어성초추출물|꽃박하잎추출물|레몬밤잎추출물|레몬버베나잎추출물|로즈마리잎추출물|마시멜로잎추출물|말로우잎추출물|바오밥나무씨추출물|박하잎추출물|보리지추출물|세이지잎추출물|센티드제라늄추출물|시계꽃추출물|오레가노잎추출물|월계수잎추출물|유칼립투스잎추출물|자주천인국추출물|캐모마일꽃추출물|회향잎추출물|인도멀구슬나무잎추출물|페퍼민트오일|하이드로제네이티드레시틴|소듐클로라이드|부틸렌글라이콜|글리세린|카프릴릴/카프릴글루코사이드|멘틸피씨에이|에칠멘탄카복사마이드|디소듐이디티에이|드럼스틱씨오일|세라마이드엔피|향료|페녹시에탄올|1,2-헥산디올|글리세린|시트로넬올|제라니올"
M46,미스트/오일,유리아쥬,오떼르말,온천수,4.7,['온천수'],온천수
M49,미스트/오일,달바,오리지널 & 프리미엄 미스트 세럼,"정제수, 다이프로필렌글라이콜, 네오펜틸글라이콜다이헵타노에이트, 1,2-헥산다이올, 나이아신아마이드, 솔비톨, 하이드록시에틸우레아, 아보카도오일, 멕시칸치아씨추출물, 바질꽃/잎/줄기추출물, 베타인, 귀리커넬추출물, 부틸렌글라이콜, 흰서양송로추출물(0.174%), 글리세린, 해바라기씨오일, 토코페릴아세테이트, 다이소듐이디티에이, 다이포타슘글리시리제이트, 아데노신, 소듐팔미토일프롤린, 비피다발효용해물, 알바수련꽃추출물, 소듐하이알루로네이트, 에탄올, 돌콩오일, 스피드웰추출물, 황산앵초추출물, 페퍼민트잎추출물, 레몬밤잎추출물, 당아욱추출물, 레이디스맨틀추출물, 서양톱풀추출물, 사우수레아인볼루크라타추출물, 인삼추출물, 연꽃추출물, 뽕나무껍질추출물, 마돈나백합꽃추출물, 에델바이스추출물, 약모밀추출물, 프리지어추출물, 카보머, 데이지꽃추출물, 알지닌, 포타슘솔베이트, 아나토씨오일, 소듐하이드록사이드, 토코페롤, 향료, 부틸페닐메틸프로피오날, 리날룰, 헥실신남알, 리모넨",4.9,"['정제수', '다이프로필렌글라이콜', '네오펜틸글라이콜다이헵타노에이트', '1,2-헥산다이올', '나이아신아마이드', '솔비톨', '하이드록시에틸우레아', '아보카도오일', '멕시칸치아씨추출물', '바질꽃/잎/줄기추출물', '베타인', '귀리커넬추출물', '부틸렌글라이콜', '흰서양송로추출물', '글리세린', '해바라기씨오일', '토코페릴아세테이트', '다이소듐이디티에이', '다이포타슘글리시리제이트', '아데노신', '소듐팔미토일프롤린', '비피다발효용해물', '알바수련꽃추출물', '소듐하이알루로네이트', '에탄올', '돌콩오일', '스피드웰추출물', '황산앵초추출물', '페퍼민트잎추출물', '레몬밤잎추출물', '당아욱추출물', '레이디스맨틀추출물', '서양톱풀추출물', '사우수레아인볼루크라타추출물', '인삼추출물', '연꽃추출물', '뽕나무껍질추출물', '마돈나백합꽃추출물', '에델바이스추출물', '약모밀추출물', '프리지어추출물', '카보머', '데이지꽃추출물', '알지닌', '포타슘솔베이트', '아나토씨오일', '소듐하이드록사이드', '토코페롤', '향료', '부틸페닐메틸프로피오날', '리날룰', '헥실신남알', '리모넨']","정제수|다이프로필렌글라이콜|네오펜틸글라이콜다이헵타노에이트|1,2-헥산다이올|나이아신아마이드|솔비톨|하이드록시에틸우레아|아보카도오일|멕시칸치아씨추출물|바질꽃/잎/줄기추출물|베타인|귀리커넬추출물|부틸렌글라이콜|흰서양송로추출물|글리세린|해바라기씨오일|토코페릴아세테이트|다이소듐이디티에이|다이포타슘글리시리제이트|아데노신|소듐팔미토일프롤린|비피다발효용해물|알바수련꽃추출물|소듐하이알루로네이트|에탄올|돌콩오일|스피드웰추출물|황산앵초추출물|페퍼민트잎추출물|레몬밤잎추출물|당아욱추출물|레이디스맨틀추출물|서양톱풀추출물|사우수레아인볼루크라타추출물|인삼추출물|연꽃추출물|뽕나무껍질추출물|마돈나백합꽃추출물|에델바이스추출물|약모밀추출물|프리지어추출물|카보머|데이지꽃추출물|알지닌|포타슘솔베이트|아나토씨오일|소듐하이드록사이드|토코페롤|향료|부틸페닐메틸프로피오날|리날룰|헥실신남알|리모넨"
M51,미스트/오일,코스알엑스,더 레티놀 0.5 오일,"스쿠알란, 돌콩오일, 다이-C12-13알킬말레이트, 레티놀(0.5%), 카프릴릭/카프릭트라이글리세라이드, 비에이치티, 토코트라이엔올, 토코페롤, 오일팜오일, 하이드록시메톡시페닐데칸온",4.7,"['스쿠알란', '돌콩오일', '다이-C12-13알킬말레이트', '레티놀', '카프릴릭/카프릭트라이글리세라이드', '비에이치티', '토코트라이엔올', '토코페롤', '오일팜오일', '하이드록시메톡시페닐데칸온']",스쿠알란|돌콩오일|다이-C12-13알킬말레이트|레티놀|카프릴릭/카프릭트라이글리세라이드|비에이치티|토코트라이엔올|토코페롤|오일팜오일|하이드록시메톡시페닐데칸온
M53,미스트/오일,숨37,시크릿 모공 세라마이드 버블 오일 에센스 미스트,"정제수, 변성알코올, C13-15알케인, 부틸렌글라이콜, 글리세린, 락토바실러스발효용해물, 다이카프릴릴카보네이트, 트레할로오스, 1,2-헥산다이올, 스쿠알란, 자일리톨, 카프릴릭/카프릭트라이글리세라이드, 아이소노닐아이소노나노에이트, 해바라기씨오일, 글루코노락톤, 하이드록시에틸피페라진에탄설포닉애씨드, 비니거, 트로메타민, 아데노신, 리놀레익애씨드, 캐스터오일/아이피디아이코폴리머, 리놀레닉애씨드, 토코페롤, 다이포타슘글리시리제이트, 덱스트린, 코코넛야자오일, 잇꽃꽃추출물, 당근추출물, 알지닌, 카놀라오일, 카보머, 카카오씨추출물, 당근씨오일, 살리실로일피토스핑고신, 베타-카로틴, 아모다이메티콘, 티아꽃추출물, 효모폴리펩타이드, 토코페릴아세테이트, 하이드로제네이티드레시틴, 수크로오스스테아레이트, 세라마이드엔피, 콜레스테롤, 2,3-부탄다이올, 글리세릴스테아레이트, 팔미틱애씨드, 세라마이드에이피, 세라마이드엔지, 락토바실러스/배즙발효여과물, 효모/보리씨발효여과물, 수박추출물, 무추출물, 락토바실러스/인삼뿌리발효여과물, 락토바실러스/콩발효추출물, 락토바실러스/부레옥잠발효물, 모나스커스/쌀발효물, 효모/포도발효추출물, 효모/감자추출물발효여과물, 효모/자일리눔/홍차발효물, 단풍나무잎추출물, 창포뿌리추출물, 개다래추출물, 으름덩굴추출물, 양파추출물, 마늘추출물, 지모뿌리추출물, 쑥잎추출물, 사탕무뿌리추출물, 양배추추출물, 순무잎추출물, 동백나무잎추출물, 파파야열매추출물, 결명씨추출물, 병풀추출물, 모과추출물, 치커리뿌리추출물, 베르가모트잎추출물, 유자추출물, 귤껍질추출물, 더덕뿌리추출물, 쿠네아타산사열매추출물, 오이열매추출물, 울금뿌리추출물, 감추출물, 쇠뜨기추출물, 비파나무잎추출물, 무화과추출물, 허브로버트추출물, 긴병꽃풀추출물, 스페인감초뿌리추출물, 잎새버섯자실체추출물, 해바라기씨추출물, 원추리꽃추출물, 고구마뿌리추출물, 표고버섯추출물, 레몬버베나잎추출물, 인동덩굴꽃추출물, 구기자추출물, 레몬밤추출물, 페퍼민트꽃/잎/줄기추출물, 산뽕나무잎추출물, 바나나추출물, 연꽃뿌리추출물, 바질잎추출물, 기장추출물, 소엽잎추출물, 팥추출물, 왕질경이씨추출물, 도라지뿌리추출물, 쇠비름추출물, 살구추출물, 복숭아추출물, 자두추출물, 사과추출물, 지황뿌리추출물, 로즈마리잎추출물, 라즈베리추출물, 살비아잎추출물, 얼룩조릿대잎추출물, 형개추출물, 검은깨추출물, 시금치추출물, 서양민들레잎추출물, 타임잎추출물, 하늘타리뿌리추출물, 미역추출물, 생강추출물, 마트리카리아꽃추출물, 은행추출물, 약모밀추출물, 락토바실러스/호밀가루발효물, 락토바실러스/고추냉이뿌리발효추출물, 세라마이드이오피, 향료, 리모넨, 리날룰, 시트로넬올, 시트랄, 제라니올 Cyto-ferm Activator™ 멜팅세라마이드 Tru-Active™ Biopeptide190™",5.0,"['정제수', '변성알코올', 'C13-15알케인', '부틸렌글라이콜', '글리세린', '락토바실러스발효용해물', '다이카프릴릴카보네이트', '트레할로오스', '1,2-헥산다이올', '스쿠알란', '자일리톨', '카프릴릭/카프릭트라이글리세라이드', '아이소노닐아이소노나노에이트', '해바라기씨오일', '글루코노락톤', '하이드록시에틸피페라진에탄설포닉애씨드', '비니거', '트로메타민', '아데노신', '리놀레익애씨드', '캐스터오일/아이피디아이코폴리머', '리놀레닉애씨드', '토코페롤', '다이포타슘글리시리제이트', '덱스트린', '코코넛야자오일', '잇꽃꽃추출물', '당근추출물', '알지닌', '카놀라오일', '카보머', '카카오씨추출물', '당근씨오일', '살리실로일피토스핑고신', '베타-카로틴', '아모다이메티콘', '티아꽃추출물', '효모폴리펩타이드', '토코페릴아세테이트', '하이드로제네이티드레시틴', '수크로오스스테아레이트', '세라마이드엔피', '콜레스테롤', '2,3-부탄다이올', '글리세릴스테아레이트', '팔미틱애씨드', '세라마이드에이피', '세라마이드엔지', '락토바실러스/배즙발효여과물', '효모/보리씨발효여과물', '수박추출물', '무추출물', '락토바실러스/인삼뿌리발효여과물', '락토바실러스/콩발효추출물', '락토바실러스/부레옥잠발효물', '모나스커스/쌀발효물', '효모/포도발효추출물', '효모/감자추출물발효여과물', '효모/자일리눔/홍차발효물', '단풍나무잎추출물', '창포뿌리추출물', '개다래추출물', '으름덩굴추출물', '양파추출물', '마늘추출물', '지모뿌리추출물', '쑥잎추출물', '사탕무뿌리추출물', '양배추추출물', '순무잎추출물', '동백나무잎추출물', '파파야열매추출물', '결명씨추출물', '병풀추출물', '모과추출물', '치커리뿌리추출물', '베르가모트잎추출물', '유자추출물', '귤껍질추출물', '더덕뿌리추출물', '쿠네아타산사열매추출물', '오이열매추출물', '울금뿌리추출물', '감추출물', '쇠뜨기추출물', '비파나무잎추출물', '무화과추출물', '허브로버트추출물', '긴병꽃풀추출물', '스페인감초뿌리추출물', '잎새버섯자실체추출물', '해바라기씨추출물', '원추리꽃추출물', '고구마뿌리추출물', '표고버섯추출물', '레몬버베나잎추출물', '인동덩굴꽃추출물', '구기자추출물', '레몬밤추출물', '페퍼민트꽃/잎/줄기추출물', '산뽕나무잎추출물', '바나나추출물', '연꽃뿌리추출물', '바질잎추출물', '기장추출물', '소엽잎추출물', '팥추출물', '왕질경이씨추출물', '도라지뿌리추출물', '쇠비름추출물', '살구추출물', '복숭아추출물', '자두추출물', '사과추출물', '지황뿌리추출물', '로즈마리잎추출물', '라즈베리추출물', '살비아잎추출물', '얼룩조릿대잎추출물', '형개추출물', '검은깨추출물', '시금치추출물', '서양민들레잎추출물', '타임잎추출물', '하늘타리뿌리추출물', '미역추출물', '생강추출물', '마트리카리아꽃추출물', '은행추출물', '약모밀추출물', '락토바실러스/호밀가루발효물', '락토바실러스/고추냉이뿌리발효추출물', '세라마이드이오피', '향료', '리모넨', '리날룰', '시트로넬올', '시트랄', '제라니올 Cyto-ferm Activator™ 멜팅세라마이드 Tru-Active™ Biopeptide190™']","정제수|변성알코올|C13-15알케인|부틸렌글라이콜|글리세린|락토바실러스발효용해물|다이카프릴릴카보네이트|트레할로오스|1,2-헥산다이올|스쿠알란|자일리톨|카프릴릭/카프릭트라이글리세라이드|아이소노닐아이소노나노에이트|해바라기씨오일|글루코노락톤|하이드록시에틸피페라진에탄설포닉애씨드|비니거|트로메타민|아데노신|리놀레익애씨드|캐스터오일/아이피디아이코폴리머|리놀레닉애씨드|토코페롤|다이포타슘글리시리제이트|덱스트린|코코넛야자오일|잇꽃꽃추출물|당근추출물|알지닌|카놀라오일|카보머|카카오씨추출물|당근씨오일|살리실로일피토스핑고신|베타-카로틴|아모다이메티콘|티아꽃추출물|효모폴리펩타이드|토코페릴아세테이트|하이드로제네이티드레시틴|수크로오스스테아레이트|세라마이드엔피|콜레스테롤|2,3-부탄다이올|글리세릴스테아레이트|팔미틱애씨드|세라마이드에이피|세라마이드엔지|락토바실러스/배즙발효여과물|효모/보리씨발효여과물|수박추출물|무추출물|락토바실러스/인삼뿌리발효여과물|락토바실러스/콩발효추출물|락토바실러스/부레옥잠발효물|모나스커스/쌀발효물|효모/포도발효추출물|효모/감자추출물발효여과물|효모/자일리눔/홍차발효물|단풍나무잎추출물|창포뿌리추출물|개다래추출물|으름덩굴추출물|양파추출물|마늘추출물|지모뿌리추출물|쑥잎추출물|사탕무뿌리추출물|양배추추출물|순무잎추출물|동백나무잎추출물|파파야열매추출물|결명씨추출물|병풀추출물|모과추출물|치커리뿌리추출물|베르가모트잎추출물|유자추출물|귤껍질추출물|더덕뿌리추출물|쿠네아타산사열매추출물|오이열매추출물|울금뿌리추출물|감추출물|쇠뜨기추출물|비파나무잎추출물|무화과추출물|허브로버트추출물|긴병꽃풀추출물|스페인감초뿌리추출물|잎새버섯자실체추출물|해바라기씨추출물|원추리꽃추출물|고구마뿌리추출물|표고버섯추출물|레몬버베나잎추출물|인동덩굴꽃추출물|구기자추출물|레몬밤추출물|페퍼민트꽃/잎/줄기추출물|산뽕나무잎추출물|바나나추출물|연꽃뿌리추출물|바질잎추출물|기장추출물|소엽잎추출물|팥추출물|왕질경이씨추출물|도라지뿌리추출물|쇠비름추출물|살구추출물|복숭아추출물|자두추출물|사과추출물|지황뿌리추출물|로즈마리잎추출물|라즈베리추출물|살비아잎추출물|얼룩조릿대잎추출물|형개추출물|검은깨추출물|시금치추출물|서양민들레잎추출물|타임잎추출물|하늘타리뿌리추출물|미역추출물|생강추출물|마트리카리아꽃추출물|은행추출물|약모밀추출물|락토바실러스/호밀가루발효물|락토바실러스/고추냉이뿌리발효추출물|세라마이드이오피|향료|리모넨|리날룰|시트로넬올|시트랄|제라니올 Cyto-ferm Activator™ 멜팅세라마이드 Tru-Active™ Biopeptide190™"
M55,미스트/오일,채운,콜라겐 피디알엔 푸딩 미스트 앰플,"정제수, 글리세린, 프로판다이올, 부틸렌글라이콜, 1,2-헥산다이올, 폴리글리세릴-10라우레이트, 칼슘락테이트, 젤란검, 에틸헥실글리세린, 아데노신, 다이소듐이디티에이, 커피콩추출물, 하이드롤라이즈드익스텐신, 향료, 소듐하이알루로네이트, 소듐디엔에이, 사이아노코발아민, 하이드록시프로필트라이모늄하이알루로네이트, 하이드롤라이즈드하이알루로닉애씨드, 소듐아세틸레이티드하이알루로네이트, 토코페롤, 하이알루로닉애씨드, 하이드롤라이즈드소듐하이알루로네이트, 소듐하이알루로네이트크로스폴리머, 포타슘하이알루로네이트, 아텔로콜라겐, 데사미도콜라겐, 하이드롤라이즈드콜라겐, 수용성콜라겐, 콜라겐, 콜라겐아미노산, 프로콜라겐",4.9,"['정제수', '글리세린', '프로판다이올', '부틸렌글라이콜', '1,2-헥산다이올', '폴리글리세릴-10라우레이트', '칼슘락테이트', '젤란검', '글리세린', '아데노신', '다이소듐이디티에이', '커피콩추출물', '하이드롤라이즈드익스텐신', '향료', '소듐하이알루로네이트', '소듐디엔에이', '사이아노코발아민', '하이드록시프로필트라이모늄하이알루로네이트', '하이드롤라이즈드하이알루로닉애씨드', '소듐아세틸레이티드하이알루로네이트', '토코페롤', '하이알루로닉애씨드', '하이드롤라이즈드소듐하이알루로네이트', '소듐하이알루로네이트크로스폴리머', '포타슘하이알루로네이트', '아텔로콜라겐', '데사미도콜라겐', '하이드롤라이즈드콜라겐', '수용성콜라겐', '콜라겐', '콜라겐아미노산', '프로콜라겐']","정제수|글리세린|프로판다이올|부틸렌글라이콜|1,2-헥산다이올|폴리글리세릴-10라우레이트|칼슘락테이트|젤란검|글리세린|아데노신|다이소듐이디티에이|커피콩추출물|하이드롤라이즈드익스텐신|향료|소듐하이알루로네이트|소듐디엔에이|사이아노코발아민|하이드록시프로필트라이모늄하이알루로네이트|하이드롤라이즈드하이알루로닉애씨드|소듐아세틸레이티드하이알루로네이트|토코페롤|하이알루로닉애씨드|하이드롤라이즈드소듐하이알루로네이트|소듐하이알루로네이트크로스폴리머|포타슘하이알루로네이트|아텔로콜라겐|데사미도콜라겐|하이드롤라이즈드콜라겐|수용성콜라겐|콜라겐|콜라겐아미노산|프로콜라겐"
M27,미스트/오일,에스테덤,셀룰러 워터 미스트,"정제수, 프로판다이올, 소듐시트레이트, 소듐클로라이드, 하이드롤라이즈드하이알루로닉애씨드, 시트릭애씨드, 아미노에탄설피닉애씨드, 카르노신, 포타슘클로라이드, 소듐바이카보네이트, 다이소듐포스페이트, 마그네슘설페이트, 포타슘포스페이트, 칼슘클로라이드",4.7,"['정제수', '프로판다이올', '소듐시트레이트', '소듐클로라이드', '하이드롤라이즈드하이알루로닉애씨드', '시트릭애씨드', '아미노에탄설피닉애씨드', '카르노신', '포타슘클로라이드', '소듐바이카보네이트', '다이소듐포스페이트', '마그네슘설페이트', '포타슘포스페이트', '칼슘클로라이드']",정제수|프로판다이올|소듐시트레이트|소듐클로라이드|하이드롤라이즈드하이알루로닉애씨드|시트릭애씨드|아미노에탄설피닉애씨드|카르노신|포타슘클로라이드|소듐바이카보네이트|다이소듐포스페이트|마그네슘설페이트|포타슘포스페이트|칼슘클로라이드
M43,미스트/오일,차앤박,더마앤서 스킨 부스팅 세럼 미스트,"정제수, 글리세린, 카프릴릭/카프릭트라이글리세라이드, 나이아신아마이드, 폴리글리세릴-10올리에이트, 1,2-헥산다이올, 카프릴릴글라이콜, 에틸헥실글리세린, 스쿠알란, 아데노신, 토코페롤, 트라이소듐이디티에이, 돌콩오일, 락토바실러스발효용해물, 부틸렌글라이콜, 소듐디엔에이, 소듐다이라우미도글루타미드라이신, 향료",4.8,"['정제수', '글리세린', '카프릴릭/카프릭트라이글리세라이드', '나이아신아마이드', '폴리글리세릴-10올리에이트', '1,2-헥산다이올', '카프릴릴글라이콜', '글리세린', '스쿠알란', '아데노신', '토코페롤', '트라이소듐이디티에이', '돌콩오일', '락토바실러스발효용해물', '부틸렌글라이콜', '소듐디엔에이', '소듐다이라우미도글루타미드라이신', '향료']","정제수|글리세린|카프릴릭/카프릭트라이글리세라이드|나이아신아마이드|폴리글리세릴-10올리에이트|1,2-헥산다이올|카프릴릴글라이콜|글리세린|스쿠알란|아데노신|토코페롤|트라이소듐이디티에이|돌콩오일|락토바실러스발효용해물|부틸렌글라이콜|소듐디엔에이|소듐다이라우미도글루타미드라이신|향료"
M25,미스트/오일,바이오힐보,판테셀 리페어시카 크림미스트,"정제수, 글리세린, 트라이에틸헥사노인, 하이드로제네이티드폴리(C6-14올레핀), 부틸렌글라이콜, 펜틸렌글라이콜, 메틸프로판다이올, 판테놀(1%), 병풀추출물, 베타-시토스테롤, 병풀잎추출물, 아세틸헥사펩타이드-8, 아스코빅애씨드폴리펩타이드, 아세틸옥타펩타이드-3, 아세틸테트라펩타이드-2, 아세틸테트라펩타이드-3, 아세틸테트라펩타이드-5, 아세틸테트라펩타이드-9, 카르노신, 카퍼트라이펩타이드-1, 노나펩타이드-1, 팔미토일펜타펩타이드-4, 팔미토일트라이펩타이드-1, 팔미토일트라이펩타이드-5, 스트렙토코쿠스 테르모필루스발효물, 아이리쉬모스추출물, 사탕수수추출물, 사과즙, 칸디다 봄비콜라/글루코오스/메틸레이프씨데이트발효물, 해바라기씨오일, 1,2-헥산다이올, 베타인, 트라이라우레스-4포스페이트, 에틸헥실글리세린, 폴리쿼터늄-51, 소듐파이테이트, 시트릭애씨드, 토코페롤, 레시틴, 에스신, 다이프로필렌글라이콜",4.8,"['정제수', '글리세린', '트라이에틸헥사노인', '하이드로제네이티드폴리', '부틸렌글라이콜', '펜틸렌글라이콜', '메틸프로판다이올', '판테놀', '병풀추출물', '베타-시토스테롤', '병풀잎추출물', '아세틸헥사펩타이드-8', '아스코빅애씨드폴리펩타이드', '아세틸옥타펩타이드-3', '아세틸테트라펩타이드-2', '아세틸테트라펩타이드-3', '아세틸테트라펩타이드-5', '아세틸테트라펩타이드-9', '카르노신', '카퍼트라이펩타이드-1', '노나펩타이드-1', '팔미토일펜타펩타이드-4', '팔미토일트라이펩타이드-1', '팔미토일트라이펩타이드-5', '스트렙토코쿠스 테르모필루스발효물', '아이리쉬모스추출물', '사탕수수추출물', '사과즙', '칸디다 봄비콜라/글루코오스/메틸레이프씨데이트발효물', '해바라기씨오일', '1,2-헥산다이올', '베타인', '트라이라우레스-4포스페이트', '글리세린', '폴리쿼터늄-51', '소듐파이테이트', '시트릭애씨드', '토코페롤', '레시틴', '에스신', '다이프로필렌글라이콜']","정제수|글리세린|트라이에틸헥사노인|하이드로제네이티드폴리|부틸렌글라이콜|펜틸렌글라이콜|메틸프로판다이올|판테놀|병풀추출물|베타-시토스테롤|병풀잎추출물|아세틸헥사펩타이드-8|아스코빅애씨드폴리펩타이드|아세틸옥타펩타이드-3|아세틸테트라펩타이드-2|아세틸테트라펩타이드-3|아세틸테트라펩타이드-5|아세틸테트라펩타이드-9|카르노신|카퍼트라이펩타이드-1|노나펩타이드-1|팔미토일펜타펩타이드-4|팔미토일트라이펩타이드-1|팔미토일트라이펩타이드-5|스트렙토코쿠스 테르모필루스발효물|아이리쉬모스추출물|사탕수수추출물|사과즙|칸디다 봄비콜라/글루코오스/메틸레이프씨데이트발효물|해바라기씨오일|1,2-헥산다이올|베타인|트라이라우레스-4포스페이트|글리세린|폴리쿼터늄-51|소듐파이테이트|시트릭애씨드|토코페롤|레시틴|에스신|다이프로필렌글라이콜"
M3,미스트/오일,유이크,바이옴 베리어 크림 미스트,"정제수, 쿠티박테리움 아비둠발효추출여과물(9.7%), 메틸프로판다이올, 글리세린, 트라이에틸헥사노인, 하이드로제네이티드폴리(C6-14올레핀), 나이아신아마이드, 펜틸렌글라이콜, 다시마추출물, 한련초잎추출물, 귀리커넬추출물, 아티초크잎추출물, 하이드로제네이티드레시틴, 녹차수, 폴리글리세릴-10미리스테이트, 다이프로필렌글라이콜, 셀룰로오스검, 베타-글루칸, 폴리쿼터늄-51, 프룩토올리고사카라이드, 레시틴, 하이드롤라이즈드하이알루로닉애씨드, 토코페롤, 부틸렌글라이콜, 에탄올, 프룩탄, 락토바실러스발효용해물, 프로테아제, 1,2-헥산다이올, 에틸헥실글리세린, 페녹시에탄올",4.8,"['정제수', '쿠티박테리움 아비둠발효추출여과물', '메틸프로판다이올', '글리세린', '트라이에틸헥사노인', '하이드로제네이티드폴리', '나이아신아마이드', '펜틸렌글라이콜', '다시마추출물', '한련초잎추출물', '귀리커넬추출물', '아티초크잎추출물', '하이드로제네이티드레시틴', '녹차수', '폴리글리세릴-10미리스테이트', '다이프로필렌글라이콜', '셀룰로오스검', '베타-글루칸', '폴리쿼터늄-51', '프룩토올리고사카라이드', '레시틴', '하이드롤라이즈드하이알루로닉애씨드', '토코페롤', '부틸렌글라이콜', '에탄올', '프룩탄', '락토바실러스발효용해물', '프로테아제', '1,2-헥산다이올', '글리세린', '페녹시에탄올']","정제수|쿠티박테리움 아비둠발효추출여과물|메틸프로판다이올|글리세린|트라이에틸헥사노인|하이드로제네이티드폴리|나이아신아마이드|펜틸렌글라이콜|다시마추출물|한련초잎추출물|귀리커넬추출물|아티초크잎추출물|하이드로제네이티드레시틴|녹차수|폴리글리세릴-10미리스테이트|다이프로필렌글라이콜|셀룰로오스검|베타-글루칸|폴리쿼터늄-51|프룩토올리고사카라이드|레시틴|하이드롤라이즈드하이알루로닉애씨드|토코페롤|부틸렌글라이콜|에탄올|프룩탄|락토바실러스발효용해물|프로테아제|1,2-헥산다이올|글리세린|페녹시에탄올"
M23,미스트/오일,한율,어린쑥 트러블 진정 미스트,"정제수, 프로판다이올, 부틸렌글라이콜, 황해쑥잎수(17,590ppm), 자일리톨, 펜틸렌글라이콜, 카프릴릭/카프릭트라이글리세라이드, 피피지-13-데실테트라데세스-24, 글리세릴카프릴레이트, 향료, 2,3-부탄다이올, 에틸헥실글리세린, 소듐메타포스페이트, 1,2-헥산다이올, 글루코노락톤, 레시틴, 락토바실러스발효물, 글리세린, 이눌린라우릴카바메이트, 살리실릭애씨드, 황해쑥잎추출물(10ppm), 병풀꽃/잎/줄기추출물, 토코페롤, 소듐하이알루로네이트, 하이드롤라이즈드하이알루로닉애씨드, 소듐하이알루로네이트크로스폴리머, 하이알루로닉애씨드, 소듐아세틸레이티드하이알루로네이트",4.8,"['정제수', '프로판다이올', '부틸렌글라이콜', '황해쑥잎수', '자일리톨', '펜틸렌글라이콜', '카프릴릭/카프릭트라이글리세라이드', '피피지-13-데실테트라데세스-24', '글리세릴카프릴레이트', '향료', '2,3-부탄다이올', '글리세린', '소듐메타포스페이트', '1,2-헥산다이올', '글루코노락톤', '레시틴', '락토바실러스발효물', '글리세린', '이눌린라우릴카바메이트', '살리실릭애씨드', '황해쑥잎추출물', '병풀꽃/잎/줄기추출물', '토코페롤', '소듐하이알루로네이트', '하이드롤라이즈드하이알루로닉애씨드', '소듐하이알루로네이트크로스폴리머', '하이알루로닉애씨드', '소듐아세틸레이티드하이알루로네이트']","정제수|프로판다이올|부틸렌글라이콜|황해쑥잎수|자일리톨|펜틸렌글라이콜|카프릴릭/카프릭트라이글리세라이드|피피지-13-데실테트라데세스-24|글리세릴카프릴레이트|향료|2,3-부탄다이올|글리세린|소듐메타포스페이트|1,2-헥산다이올|글루코노락톤|레시틴|락토바실러스발효물|글리세린|이눌린라우릴카바메이트|살리실릭애씨드|황해쑥잎추출물|병풀꽃/잎/줄기추출물|토코페롤|소듐하이알루로네이트|하이드롤라이즈드하이알루로닉애씨드|소듐하이알루로네이트크로스폴리머|하이알루로닉애씨드|소듐아세틸레이티드하이알루로네이트"
M57,미스트/오일,에비앙,브뤼미자뙤르 페이셜미스트,천연빙하수,4.7,['천연빙하수'],천연빙하수
M1,미스트/오일,달바,퍼스트 스프레이 세럼,"정제수, 다이프로필렌글라이콜, 네오펜틸글라이콜다이헵타노에이트, 글리세레스-26, 1,2-헥산다이올, 나이아신아마이드, 솔비톨, 하이드록시에틸우레아, 아보카도오일, 멕시칸치아씨추출물, 바질꽃/잎/줄기추출물, 베타인, 귀리커넬추출물, 부틸렌글라이콜, 흰서양송로추출물(1,740ppm), 글리세린, 해바라기씨오일, 토코페릴아세테이트, 다이소듐이디티에이, 다이포타슘글리시리제이트, 아데노신, 소듐팔미토일프롤린, 비피다발효용해물, 알바수련꽃추출물, 하이드롤라이즈드하이알루로닉애씨드, 돌콩오일, 스노우로투스추출물, 인삼추출물, 연꽃꽃추출물, 뽕나무껍질추출물, 마돈나백합꽃추출물, 에델바이스추출물, 약모밀추출물, 프리지어추출물, 카보머, 데이지꽃추출물, 알지닌, 포타슘솔베이트, 아나토씨오일, 토코페롤, 향료, 리날룰, 헥실신남알, 리모넨, 시트로넬올",4.9,"['정제수', '다이프로필렌글라이콜', '네오펜틸글라이콜다이헵타노에이트', '글리세레스-26', '1,2-헥산다이올', '나이아신아마이드', '솔비톨', '하이드록시에틸우레아', '아보카도오일', '멕시칸치아씨추출물', '바질꽃/잎/줄기추출물', '베타인', '귀리커넬추출물', '부틸렌글라이콜', '흰서양송로추출물', '글리세린', '해바라기씨오일', '토코페릴아세테이트', '다이소듐이디티에이', '다이포타슘글리시리제이트', '아데노신', '소듐팔미토일프롤린', '비피다발효용해물', '알바수련꽃추출물', '하이드롤라이즈드하이알루로닉애씨드', '돌콩오일', '스노우로투스추출물', '인삼추출물', '연꽃꽃추출물', '뽕나무껍질추출물', '마돈나백합꽃추출물', '에델바이스추출물', '약모밀추출물', '프리지어추출물', '카보머', '데이지꽃추출물', '알지닌', '포타슘솔베이트', '아나토씨오일', '토코페롤', '향료', '리날룰', '헥실신남알', '리모넨', '시트로넬올']","정제수|다이프로필렌글라이콜|네오펜틸글라이콜다이헵타노에이트|글리세레스-26|1,2-헥산다이올|나이아신아마이드|솔비톨|하이드록시에틸우레아|아보카도오일|멕시칸치아씨추출물|바질꽃/잎/줄기추출물|베타인|귀리커넬추출물|부틸렌글라이콜|흰서양송로추출물|글리세린|해바라기씨오일|토코페릴아세테이트|다이소듐이디티에이|다이포타슘글리시리제이트|아데노신|소듐팔미토일프롤린|비피다발효용해물|알바수련꽃추출물|하이드롤라이즈드하이알루로닉애씨드|돌콩오일|스노우로투스추출물|인삼추출물|연꽃꽃추출물|뽕나무껍질추출물|마돈나백합꽃추출물|에델바이스추출물|약모밀추출물|프리지어추출물|카보머|데이지꽃추출물|알지닌|포타슘솔베이트|아나토씨오일|토코페롤|향료|리날룰|헥실신남알|리모넨|시트로넬올"
M2,미스트/오일,메디큐브,PDRN 핑크 콜라겐 글로우 젤리 미스트,"콜라겐수(80.9%), 아이소프로필미리스테이트, 글리세린, 나이아신아마이드, 1,2-헥산다이올, 정제수, 소듐클로라이드, 메도우폼씨오일, 부틸렌글라이콜, 하이드록시아세토페논, 프로판다이올, 젤란검, 소듐디엔에이(1,081ppm), 해바라기씨오일, 에틸헥실글리세린, 아데노신, 트라이에틸시트레이트, 옥수수커넬추출물, 알칸나뿌리추출물, 다이소듐이디티에이, 토코페롤, 하이알루로닉애씨드, 하이드롤라이즈드하이알루로닉애씨드, 소듐하이알루로네이트, 콜라겐(10.8ppm), 프룩탄, 만주자작나무껍질/잎추출물, 피마자씨오일, 글루코오스, 레몬그라스잎오일, 스타아니스열매/씨오일, 스쿠알란, 글루타티온, 하이드롤라이즈드엘라스틴, 연어알추출물, 말토덱스트린, 카프릴릭/카프릭트라이글리세라이드, 하이드로제네이티드레시틴, 세라마이드엔피, 소듐시트레이트, 카프릴릴글라이콜, 소듐포스페이트, 시트릭애씨드, 진주추출물, 사이아노코발아민, 에스에이치-올리고펩타이드-1",4.7,"['콜라겐수', '아이소프로필미리스테이트', '글리세린', '나이아신아마이드', '1,2-헥산다이올', '정제수', '소듐클로라이드', '메도우폼씨오일', '부틸렌글라이콜', '하이드록시아세토페논', '프로판다이올', '젤란검', '소듐디엔에이', '해바라기씨오일', '글리세린', '아데노신', '트라이에틸시트레이트', '옥수수커넬추출물', '알칸나뿌리추출물', '다이소듐이디티에이', '토코페롤', '하이알루로닉애씨드', '하이드롤라이즈드하이알루로닉애씨드', '소듐하이알루로네이트', '콜라겐', '프룩탄', '만주자작나무껍질/잎추출물', '피마자씨오일', '글루코오스', '레몬그라스잎오일', '스타아니스열매/씨오일', '스쿠알란', '글루타티온', '하이드롤라이즈드엘라스틴', '연어알추출물', '말토덱스트린', '카프릴릭/카프릭트라이글리세라이드', '하이드로제네이티드레시틴', '세라마이드엔피', '소듐시트레이트', '카프릴릴글라이콜', '소듐포스페이트', '시트릭애씨드', '진주추출물', '사이아노코발아민', '에스에이치-올리고펩타이드-1']","콜라겐수|아이소프로필미리스테이트|글리세린|나이아신아마이드|1,2-헥산다이올|정제수|소듐클로라이드|메도우폼씨오일|부틸렌글라이콜|하이드록시아세토페논|프로판다이올|젤란검|소듐디엔에이|해바라기씨오일|글리세린|아데노신|트라이에틸시트레이트|옥수수커넬추출물|알칸나뿌리추출물|다이소듐이디티에이|토코페롤|하이알루로닉애씨드|하이드롤라이즈드하이알루로닉애씨드|소듐하이알루로네이트|콜라겐|프룩탄|만주자작나무껍질/잎추출물|피마자씨오일|글루코오스|레몬그라스잎오일|스타아니스열매/씨오일|스쿠알란|글루타티온|하이드롤라이즈드엘라스틴|연어알추출물|말토덱스트린|카프릴릭/카프릭트라이글리세라이드|하이드로제네이티드레시틴|세라마이드엔피|소듐시트레이트|카프릴릴글라이콜|소듐포스페이트|시트릭애씨드|진주추출물|사이아노코발아민|에스에이치-올리고펩타이드-1"
M4,미스트/오일,차앤박,프로폴리스 에너지 앰플 미스트,"정제수, 프로판다이올, 글리세린, 1,2-헥산다이올, 다이메티콘, 소듐시트레이트, 부틸렌글라이콜, 베타인, 하이드로제네이티드레시틴, 솔비톨, 피이지-60하이드로제네이티드캐스터오일, 솔비탄세스퀴올리에이트, 시트릭애씨드, 다이소듐이디티에이, 센티드제라늄꽃오일, 펜틸렌글라이콜, 프로폴리스추출물, 하이알루로닉애씨드, 판테놀, 하이드록시페닐프로파미도벤조익애씨드, 글루코놀락톤, 락토바이오닉애씨드, 판토락톤, 아스코빌팔미테이트, 시트로넬올, 제라니올",4.8,"['정제수', '프로판다이올', '글리세린', '1,2-헥산다이올', '다이메티콘', '소듐시트레이트', '부틸렌글라이콜', '베타인', '하이드로제네이티드레시틴', '솔비톨', '피이지-60하이드로제네이티드캐스터오일', '솔비탄세스퀴올리에이트', '시트릭애씨드', '다이소듐이디티에이', '센티드제라늄꽃오일', '펜틸렌글라이콜', '프로폴리스추출물', '하이알루로닉애씨드', '판테놀', '하이드록시페닐프로파미도벤조익애씨드', '글루코놀락톤', '락토바이오닉애씨드', '판토락톤', '아스코빌팔미테이트', '시트로넬올', '제라니올']","정제수|프로판다이올|글리세린|1,2-헥산다이올|다이메티콘|소듐시트레이트|부틸렌글라이콜|베타인|하이드로제네이티드레시틴|솔비톨|피이지-60하이드로제네이티드캐스터오일|솔비탄세스퀴올리에이트|시트릭애씨드|다이소듐이디티에이|센티드제라늄꽃오일|펜틸렌글라이콜|프로폴리스추출물|하이알루로닉애씨드|판테놀|하이드록시페닐프로파미도벤조익애씨드|글루코놀락톤|락토바이오닉애씨드|판토락톤|아스코빌팔미테이트|시트로넬올|제라니올"
M5,미스트/오일,아누아,피디알엔 히알루론산 수분 캡슐 미스트,"정제수, 다이페닐다이메티콘, 다이프로필렌글라이콜, 펜틸렌글라이콜, 1,2-헥산다이올, 스트렙토코쿠스 테르모필루스발효물, 캐스터오일/아이피디아이코폴리머, 자일리틸글루코사이드, 자일리톨, 돌콩추출물, 인도멀구슬나무잎추출물, 소듐하이알루로네이트(100ppm), 인도멀구슬나무꽃추출물, 돌콩오일, 사과즙, 아이비고드열매추출물, 백미꽃추출물, 가지열매추출물, 알로에베라꽃추출물, 호호바씨오일, 울금뿌리추출물, 홀리바질잎추출물, 참산호말추출물,해바라기씨오일, 접시꽃추출물, 당근추출물, 하이드롤라이즈드하이알루로닉애씨드(0.01ppm), 하이알루로닉애씨드(0.01ppm), 유럽밤나무씨추출물, 사과씨오일, 흑효모발효물, 하이드롤라이즈드콜라겐, 비타민나무오일, 호박가루, 칸디다 봄비콜라/글루코오스/메틸레이프씨데이트발효물, 드럼스틱씨오일, 글리세레스-26, 프로판다이올, 부틸렌글라이콜, 판테놀, 카프릴릭/카프릭트라이글리세라이드, 소듐디엔에이(2,000ppm), 하이드록시에틸우레아, 하이드록시아세토페논, 알란토인, 다이펩타이드-15, 젤란검, 안하이드로자일리톨, 칼슘클로라이드, 카프릴릴글라이콜, 아데노신, 피피지-13-데실테트라데세스-24, 글리세린, 소듐시트레이트, 시트릭애씨드, 토코페롤, 옥탄다이올, 에틸헥실글리세린, 베타-카로틴, 다이포타슘포스페이트, 아세틸글루타민, 아가, 마그네슘설페이트, 다이페닐실록시페닐트라이메티콘, 페닐트라이메티콘, 프로필렌글라이콜다이벤조에이트, 하이드로제네이티드레시틴, 세라마이드엔피, 소듐클로라이드, 카퍼트라이펩타이드-1, 셀룰로오스검, 소듐바이카보네이트, 포타슘클로라이드, 소듐스테아로일글루타메이트, 잔탄검",4.5,"['정제수', '다이페닐다이메티콘', '다이프로필렌글라이콜', '펜틸렌글라이콜', '1,2-헥산다이올', '스트렙토코쿠스 테르모필루스발효물', '캐스터오일/아이피디아이코폴리머', '자일리틸글루코사이드', '자일리톨', '돌콩추출물', '인도멀구슬나무잎추출물', '소듐하이알루로네이트', '인도멀구슬나무꽃추출물', '돌콩오일', '사과즙', '아이비고드열매추출물', '백미꽃추출물', '가지열매추출물', '알로에베라꽃추출물', '호호바씨오일', '울금뿌리추출물', '홀리바질잎추출물', '참산호말추출물', '해바라기씨오일', '접시꽃추출물', '당근추출물', '하이드롤라이즈드하이알루로닉애씨드', '하이알루로닉애씨드', '유럽밤나무씨추출물', '사과씨오일', '흑효모발효물', '하이드롤라이즈드콜라겐', '비타민나무오일', '호박가루', '칸디다 봄비콜라/글루코오스/메틸레이프씨데이트발효물', '드럼스틱씨오일', '글리세레스-26', '프로판다이올', '부틸렌글라이콜', '판테놀', '카프릴릭/카프릭트라이글리세라이드', '소듐디엔에이', '하이드록시에틸우레아', '하이드록시아세토페논', '알란토인', '다이펩타이드-15', '젤란검', '안하이드로자일리톨', '칼슘클로라이드', '카프릴릴글라이콜', '아데노신', '피피지-13-데실테트라데세스-24', '글리세린', '소듐시트레이트', '시트릭애씨드', '토코페롤', '옥탄다이올', '글리세린', '베타-카로틴', '다이포타슘포스페이트', '아세틸글루타민', '아가', '마그네슘설페이트', '다이페닐실록시페닐트라이메티콘', '페닐트라이메티콘', '프로필렌글라이콜다이벤조에이트', '하이드로제네이티드레시틴', '세라마이드엔피', '소듐클로라이드', '카퍼트라이펩타이드-1', '셀룰로오스검', '소듐바이카보네이트', '포타슘클로라이드', '소듐스테아로일글루타메이트', '잔탄검']","정제수|다이페닐다이메티콘|다이프로필렌글라이콜|펜틸렌글라이콜|1,2-헥산다이올|스트렙토코쿠스 테르모필루스발효물|캐스터오일/아이피디아이코폴리머|자일리틸글루코사이드|자일리톨|돌콩추출물|인도멀구슬나무잎추출물|소듐하이알루로네이트|인도멀구슬나무꽃추출물|돌콩오일|사과즙|아이비고드열매추출물|백미꽃추출물|가지열매추출물|알로에베라꽃추출물|호호바씨오일|울금뿌리추출물|홀리바질잎추출물|참산호말추출물|해바라기씨오일|접시꽃추출물|당근추출물|하이드롤라이즈드하이알루로닉애씨드|하이알루로닉애씨드|유럽밤나무씨추출물|사과씨오일|흑효모발효물|하이드롤라이즈드콜라겐|비타민나무오일|호박가루|칸디다 봄비콜라/글루코오스/메틸레이프씨데이트발효물|드럼스틱씨오일|글리세레스-26|프로판다이올|부틸렌글라이콜|판테놀|카프릴릭/카프릭트라이글리세라이드|소듐디엔에이|하이드록시에틸우레아|하이드록시아세토페논|알란토인|다이펩타이드-15|젤란검|안하이드로자일리톨|칼슘클로라이드|카프릴릴글라이콜|아데노신|피피지-13-데실테트라데세스-24|글리세린|소듐시트레이트|시트릭애씨드|토코페롤|옥탄다이올|글리세린|베타-카로틴|다이포타슘포스페이트|아세틸글루타민|아가|마그네슘설페이트|다이페닐실록시페닐트라이메티콘|페닐트라이메티콘|프로필렌글라이콜다이벤조에이트|하이드로제네이티드레시틴|세라마이드엔피|소듐클로라이드|카퍼트라이펩타이드-1|셀룰로오스검|소듐바이카보네이트|포타슘클로라이드|소듐스테아로일글루타메이트|잔탄검"
M8,미스트/오일,런드리유,클린 페이스 솔리드 미스트 카밍,"정제수, 글리세린, 프로판다이올, 부틸렌글라이콜, 오레가노잎추출물, 1,2-헥산다이올, 편백잎추출물, 해수, 젤란검, 칼슘락테이트, 에틸헥실글리세린, 다이소듐이디티에이, 다이포타슘글리시리제이트, 다이프로필렌글라이콜, 락토바실러스발효용해물, 락토코쿠스발효용해물, 비피다발효용해물, 토코페롤, 엑토인, 서양민들레잎추출물",4.9,"['정제수', '글리세린', '프로판다이올', '부틸렌글라이콜', '오레가노잎추출물', '1,2-헥산다이올', '편백잎추출물', '해수', '젤란검', '칼슘락테이트', '글리세린', '다이소듐이디티에이', '다이포타슘글리시리제이트', '다이프로필렌글라이콜', '락토바실러스발효용해물', '락토코쿠스발효용해물', '비피다발효용해물', '토코페롤', '엑토인', '서양민들레잎추출물']","정제수|글리세린|프로판다이올|부틸렌글라이콜|오레가노잎추출물|1,2-헥산다이올|편백잎추출물|해수|젤란검|칼슘락테이트|글리세린|다이소듐이디티에이|다이포타슘글리시리제이트|다이프로필렌글라이콜|락토바실러스발효용해물|락토코쿠스발효용해물|비피다발효용해물|토코페롤|엑토인|서양민들레잎추출물"
M9,미스트/오일,아벤느,오 떼르말 미스트,아벤느 온천수(아쿠아),4.8,['아벤느 온천수'],아벤느 온천수
M24,미스트/오일,닥터자르트,시카페어 페이셜 카밍 미스트,"정제수, 프로판디올, 카라기난추출물, 사탕수수추출물, 라벤더오일, 로즈마리잎오일, 왕귤껍질오일, 캐모마일꽃오일, 해수, 초피나무열매추출물, 서양톱풀추출물, 성모초추출물, 트루로즈오브예리코추출물, 말로우추출물, 레몬밤잎추출물, 페퍼민트잎추출물, 카우슬립추출물, 꼬리풀추출물, 어성초추출물, 병풀추출물, 락토바실러스발효물, 제충국꽃추출물, 레몬유칼립투스오일, 마데카소사이드, 글리세린, 부틸렌글라이콜, 폴리글리세릴-2올리에이트, 피이지-60하이드로제네이티드캐스터오일, 디프로필렌글라이콜, 옥틸도데세스-16, 디포타슘글리시리제이트, 에칠헥실글리세린, 소듐시트레이트, 시트릭애씨드, 판테놀, 아시아티코사이드, 소듐피씨에이, 아시아틱애씨드, 하이드로제네이티드레시틴, 마데카식애씨드, 마그네슘피씨에이, 1,2-헥산디올, 징크피씨에이, 피이지-40하이드로제네이티드캐스터오일, 망가니즈피씨에이, 소듐하이알루로네이트, 디소듐이디티에이, 페녹시에탄올, 포타슘소르베이트, 리모넨, 리날룰 * 제공된 성분은 동일 제품이라도 경우에 따라 변경될 수 있습니다. 최신정보는 제품 포장의 성분을 참고하시거나 닥터자르트 고객만족센터(1544-5453)으로 연락 부탁 드립니다.",4.7,"['정제수', '프로판디올', '카라기난추출물', '사탕수수추출물', '라벤더오일', '로즈마리잎오일', '왕귤껍질오일', '캐모마일꽃오일', '해수', '초피나무열매추출물', '서양톱풀추출물', '성모초추출물', '트루로즈오브예리코추출물', '말로우추출물', '레몬밤잎추출물', '페퍼민트잎추출물', '카우슬립추출물', '꼬리풀추출물', '어성초추출물', '병풀추출물', '락토바실러스발효물', '제충국꽃추출물', '레몬유칼립투스오일', '마데카소사이드', '글리세린', '부틸렌글라이콜', '폴리글리세릴-2올리에이트', '피이지-60하이드로제네이티드캐스터오일', '디프로필렌글라이콜', '옥틸도데세스-16', '디포타슘글리시리제이트', '글리세린', '소듐시트레이트', '시트릭애씨드', '판테놀', '아시아티코사이드', '소듐피씨에이', '아시아틱애씨드', '하이드로제네이티드레시틴', '마데카식애씨드', '마그네슘피씨에이', '1,2-헥산디올', '징크피씨에이', '피이지-40하이드로제네이티드캐스터오일', '망가니즈피씨에이', '소듐하이알루로네이트', '디소듐이디티에이', '페녹시에탄올', '포타슘소르베이트', '리모넨', '리날룰 * 제공된 성분은 동일 제품이라도 경우에 따라 변경될 수 있습니다. 최신정보는 제품 포장의 성분을 참고하시거나 닥터자르트 고객만족센터으로 연락 부탁 드립니다.']","정제수|프로판디올|카라기난추출물|사탕수수추출물|라벤더오일|로즈마리잎오일|왕귤껍질오일|캐모마일꽃오일|해수|초피나무열매추출물|서양톱풀추출물|성모초추출물|트루로즈오브예리코추출물|말로우추출물|레몬밤잎추출물|페퍼민트잎추출물|카우슬립추출물|꼬리풀추출물|어성초추출물|병풀추출물|락토바실러스발효물|제충국꽃추출물|레몬유칼립투스오일|마데카소사이드|글리세린|부틸렌글라이콜|폴리글리세릴-2올리에이트|피이지-60하이드로제네이티드캐스터오일|디프로필렌글라이콜|옥틸도데세스-16|디포타슘글리시리제이트|글리세린|소듐시트레이트|시트릭애씨드|판테놀|아시아티코사이드|소듐피씨에이|아시아틱애씨드|하이드로제네이티드레시틴|마데카식애씨드|마그네슘피씨에이|1,2-헥산디올|징크피씨에이|피이지-40하이드로제네이티드캐스터오일|망가니즈피씨에이|소듐하이알루로네이트|디소듐이디티에이|페녹시에탄올|포타슘소르베이트|리모넨|리날룰 * 제공된 성분은 동일 제품이라도 경우에 따라 변경될 수 있습니다. 최신정보는 제품 포장의 성분을 참고하시거나 닥터자르트 고객만족센터으로 연락 부탁 드립니다."
M10,미스트/오일,에스트라,아토베리어365 크림미스트,"정제수, 글리세린, 부틸렌글라이콜, 카프릴릭/카프릭트리글리세라이드, 하이드로제네이티드폴리(C6-14올레핀),디메치콘, 세틸에칠헥사노에이트, 하이드록시프로필비스라우라마이드엠이에이(10,000 ppm), 1,2-헥산디올, 소듐서팩틴, 콜레스테롤, 글리세릴카프릴레이트, 디소듐디티 에이, 에칠헥실글리세린, 베헤닉애씨드, 토코페롤",4.7,"['정제수', '글리세린', '부틸렌글라이콜', '카프릴릭/카프릭트리글리세라이드', '하이드로제네이티드폴리', '디메치콘', '세틸에칠헥사노에이트', '하이드록시프로필비스라우라마이드엠이에이', '1,2-헥산디올', '소듐서팩틴', '콜레스테롤', '글리세릴카프릴레이트', '디소듐디티 에이', '글리세린', '베헤닉애씨드', '토코페롤']","정제수|글리세린|부틸렌글라이콜|카프릴릭/카프릭트리글리세라이드|하이드로제네이티드폴리|디메치콘|세틸에칠헥사노에이트|하이드록시프로필비스라우라마이드엠이에이|1,2-헥산디올|소듐서팩틴|콜레스테롤|글리세릴카프릴레이트|디소듐디티 에이|글리세린|베헤닉애씨드|토코페롤"
M12,미스트/오일,온그리디언츠,스킨 베리어 속광 미스트,"정제수, 글리세린, 트라이에틸헥사노인, 하이드로제네이티드폴리(C6-14올레핀), 다이프로필렌글라이콜, 트라이라우레스-4포스페이트, 판테놀, 하이드록시아세토페논, 부틸렌글라이콜, 과라나씨추출물, 도둑놈의지팡이뿌리추출물, 울금뿌리추출물, 메틸다이아이소프로필프로피온아마이드, 에틸헥실글리세린, 1,2-헥산다이올, 다이소듐이디티에이, 티트리잎오일, 글루타티온, 하이드로제네이티드레시틴, 세테아릴알코올, 카프릴릴글라이콜, 스테아릭애씨드, 폴리글리세릴-10라우레이트, 소듐하이알루로네이트, 세라마이드엔피, 소듐하이알루로네이트크로스폴리머, 포타슘하이알루로네이트, 하이드록시프로필트라이모늄하이알루로네이트, 하이드롤라이즈드소듐하이알루로네이트, 하이드롤라이즈드하이알루로닉애씨드, 하이알루로닉애씨드, 세라마이드엔에스, 세라마이드에이에스, 세라마이드에이피, 카퍼트라이펩타이드-1 , 트라이펩타이드-1, 팔미토일트라이펩타이드-1, 팔미토일펜타펩타이드-4, 헥사펩타이드-11, 헥사펩타이드-9, 펜틸렌글라이콜, 소듐아세틸레이티드하이알루로네이트, 세라마이드이오피, 병풀추출물",4.9,"['정제수', '글리세린', '트라이에틸헥사노인', '하이드로제네이티드폴리', '다이프로필렌글라이콜', '트라이라우레스-4포스페이트', '판테놀', '하이드록시아세토페논', '부틸렌글라이콜', '과라나씨추출물', '도둑놈의지팡이뿌리추출물', '울금뿌리추출물', '메틸다이아이소프로필프로피온아마이드', '글리세린', '1,2-헥산다이올', '다이소듐이디티에이', '티트리잎오일', '글루타티온', '하이드로제네이티드레시틴', '세테아릴알코올', '카프릴릴글라이콜', '스테아릭애씨드', '폴리글리세릴-10라우레이트', '소듐하이알루로네이트', '세라마이드엔피', '소듐하이알루로네이트크로스폴리머', '포타슘하이알루로네이트', '하이드록시프로필트라이모늄하이알루로네이트', '하이드롤라이즈드소듐하이알루로네이트', '하이드롤라이즈드하이알루로닉애씨드', '하이알루로닉애씨드', '세라마이드엔에스', '세라마이드에이에스', '세라마이드에이피', '카퍼트라이펩타이드-1', '트라이펩타이드-1', '팔미토일트라이펩타이드-1', '팔미토일펜타펩타이드-4', '헥사펩타이드-11', '헥사펩타이드-9', '펜틸렌글라이콜', '소듐아세틸레이티드하이알루로네이트', '세라마이드이오피', '병풀추출물']","정제수|글리세린|트라이에틸헥사노인|하이드로제네이티드폴리|다이프로필렌글라이콜|트라이라우레스-4포스페이트|판테놀|하이드록시아세토페논|부틸렌글라이콜|과라나씨추출물|도둑놈의지팡이뿌리추출물|울금뿌리추출물|메틸다이아이소프로필프로피온아마이드|글리세린|1,2-헥산다이올|다이소듐이디티에이|티트리잎오일|글루타티온|하이드로제네이티드레시틴|세테아릴알코올|카프릴릴글라이콜|스테아릭애씨드|폴리글리세릴-10라우레이트|소듐하이알루로네이트|세라마이드엔피|소듐하이알루로네이트크로스폴리머|포타슘하이알루로네이트|하이드록시프로필트라이모늄하이알루로네이트|하이드롤라이즈드소듐하이알루로네이트|하이드롤라이즈드하이알루로닉애씨드|하이알루로닉애씨드|세라마이드엔에스|세라마이드에이에스|세라마이드에이피|카퍼트라이펩타이드-1|트라이펩타이드-1|팔미토일트라이펩타이드-1|팔미토일펜타펩타이드-4|헥사펩타이드-11|헥사펩타이드-9|펜틸렌글라이콜|소듐아세틸레이티드하이알루로네이트|세라마이드이오피|병풀추출물"
M13,미스트/오일,식물나라,유채꿀 촉촉 멀티오일,"정제수, 펜틸렌글라이콜, 글리세린, 메틸글루세스-20, 에탄올, 나이아신아마이드, 폴리글리세린-3, 1,2-헥산다이올, 폴리글리세릴-10라우레이트, 글라이코실트레할로오스, 카보머, 글리세릴아크릴레이트/아크릴릭애씨드코폴리머, 트로메타민, 하이드로제네이티드스타치하이드롤리세이트, 에틸헥실글리세린, 아데노신, 다이소듐이디티에이, 향료, 잔탄검, 폴리쿼터늄-51, 소듐폴리아크릴레이트, 카카오씨추출물, 바이오사카라이드검-1, 베타-글루칸, 부틸렌글라이콜, 꿀추출물, 토코페롤, 아보카도오일, 해바라기씨오일, 유채씨오일, 리모넨, 알파-아이소메틸아이오논, 하이드록시시트로넬알",4.7,"['정제수', '펜틸렌글라이콜', '글리세린', '메틸글루세스-20', '에탄올', '나이아신아마이드', '글리세린-3', '1,2-헥산다이올', '폴리글리세릴-10라우레이트', '글라이코실트레할로오스', '카보머', '글리세릴아크릴레이트/아크릴릭애씨드코폴리머', '트로메타민', '하이드로제네이티드스타치하이드롤리세이트', '글리세린', '아데노신', '다이소듐이디티에이', '향료', '잔탄검', '폴리쿼터늄-51', '소듐폴리아크릴레이트', '카카오씨추출물', '바이오사카라이드검-1', '베타-글루칸', '부틸렌글라이콜', '꿀추출물', '토코페롤', '아보카도오일', '해바라기씨오일', '유채씨오일', '리모넨', '알파-아이소메틸아이오논', '하이드록시시트로넬알']","정제수|펜틸렌글라이콜|글리세린|메틸글루세스-20|에탄올|나이아신아마이드|글리세린-3|1,2-헥산다이올|폴리글리세릴-10라우레이트|글라이코실트레할로오스|카보머|글리세릴아크릴레이트/아크릴릭애씨드코폴리머|트로메타민|하이드로제네이티드스타치하이드롤리세이트|글리세린|아데노신|다이소듐이디티에이|향료|잔탄검|폴리쿼터늄-51|소듐폴리아크릴레이트|카카오씨추출물|바이오사카라이드검-1|베타-글루칸|부틸렌글라이콜|꿀추출물|토코페롤|아보카도오일|해바라기씨오일|유채씨오일|리모넨|알파-아이소메틸아이오논|하이드록시시트로넬알"
M15,미스트/오일,에스네이처,아쿠아 스쿠알란 미스트,"정제수, 부틸렌글라이콜, 글리세린, 메틸프로판다이올, 폴리글리세릴-10라우레이트, 스쿠알란(10,000ppm), 버지니아풍년화잎추출물, 달맞이꽃꽃추출물, 녹차추출물, 글리세릴글루코사이드, 1,2-헥산다이올, 아데노신, 에틸헥실글리세린, 하이드로제네이티드레시틴, 소듐시트레이트, 석시닉애씨드, 다이소듐이디티에이, 잔탄검, 하이드록시아세토페논",4.8,"['정제수', '부틸렌글라이콜', '글리세린', '메틸프로판다이올', '폴리글리세릴-10라우레이트', '스쿠알란', '버지니아풍년화잎추출물', '달맞이꽃꽃추출물', '녹차추출물', '글리세릴글루코사이드', '1,2-헥산다이올', '아데노신', '글리세린', '하이드로제네이티드레시틴', '소듐시트레이트', '석시닉애씨드', '다이소듐이디티에이', '잔탄검', '하이드록시아세토페논']","정제수|부틸렌글라이콜|글리세린|메틸프로판다이올|폴리글리세릴-10라우레이트|스쿠알란|버지니아풍년화잎추출물|달맞이꽃꽃추출물|녹차추출물|글리세릴글루코사이드|1,2-헥산다이올|아데노신|글리세린|하이드로제네이티드레시틴|소듐시트레이트|석시닉애씨드|다이소듐이디티에이|잔탄검|하이드록시아세토페논"
M16,미스트/오일,에센허브,티트리 100 오일,"티트리잎오일, 리모넨, 리날룰",4.7,"['티트리잎오일', '리모넨', '리날룰']",티트리잎오일|리모넨|리날룰
M17,미스트/오일,달바,바이탈 스프레이 세럼,"정제수,세틸에틸헥사노에이트,1,2-헥산다이올,다이프로필렌글라이콜,글리세레스-26,폴리프로필실세스퀴옥세인, 흰서양송로추출물,부틸렌글라이콜,하이드록시에틸우레아,지치뿌리추출물,마카다미아씨오일,베타인,아보카도오일, 로즈힙열매오일,카프릴릭/카프릭트라이글리세라이드,석류추출물,다이포타슘글리시리제이트,다이소듐이디티에이, 토코페롤,아데노신,사카라이드아이소머레이트,센티드제라늄꽃오일,펜타에리스리틸테트라-다이-t-부틸하이드록시하이드로신나메이트, 한련초추출물,자일리틸글루코사이드,아크릴레이트/C10-30알킬아크릴레이트크로스폴리머,알지닌,안하이드로자일리톨, 개똥쑥추출물,연꽃꽃추출물,쌀추출물,효모발효물,장미꽃오일,자일리톨,글리세린,인도멀구슬나무잎추출물,라벤더꽃추출물, 캐모마일꽃추출물,녹차추출물,유칼립투스잎추출물,히비스커스꽃추출물,레몬밤추출물,올리브나무잎추출물,로즈마리잎추출물, 포트마리골드꽃추출물,레몬그라스추출물,커먼자스민추출물,애플민트잎추출물,살비아추출물,티트리추출물,페퍼민트잎추출물, 글루코오스,시트릭애씨드,소듐시트레이트,드럼스틱씨오일,세룰라타벚나무꽃추출물,소듐하이알루로네이트,오레가노추출물, 타임꽃/잎/줄기추출물,하이드록시프로필트라이모늄하이알루로네이트,하이드롤라이즈드하이알루로닉애씨드, 소듐아세틸레이티드하이알루로네이트,하이알루로닉애씨드,하이드롤라이즈드소듐하이알루로네이트,소듐하이알루로네이트크로스폴리머 포타슘하이알루로네이트,향료,시트로넬올,리날룰,제라니올,리모넨,헥실신남알,시트랄",4.7,"['정제수', '세틸에틸헥사노에이트', '1,2-헥산다이올', '다이프로필렌글라이콜', '글리세레스-26', '폴리프로필실세스퀴옥세인', '흰서양송로추출물', '부틸렌글라이콜', '하이드록시에틸우레아', '지치뿌리추출물', '마카다미아씨오일', '베타인', '아보카도오일', '로즈힙열매오일', '카프릴릭/카프릭트라이글리세라이드', '석류추출물', '다이포타슘글리시리제이트', '다이소듐이디티에이', '토코페롤', '아데노신', '사카라이드아이소머레이트', '센티드제라늄꽃오일', '펜타에리스리틸테트라-다이-t-부틸하이드록시하이드로신나메이트', '한련초추출물', '자일리틸글루코사이드', '아크릴레이트/C10-30알킬아크릴레이트크로스폴리머', '알지닌', '안하이드로자일리톨', '개똥쑥추출물', '연꽃꽃추출물', '쌀추출물', '효모발효물', '장미꽃오일', '자일리톨', '글리세린', '인도멀구슬나무잎추출물', '라벤더꽃추출물', '캐모마일꽃추출물', '녹차추출물', '유칼립투스잎추출물', '히비스커스꽃추출물', '레몬밤추출물', '올리브나무잎추출물', '로즈마리잎추출물', '포트마리골드꽃추출물', '레몬그라스추출물', '커먼자스민추출물', '애플민트잎추출물', '살비아추출물', '티트리추출물', '페퍼민트잎추출물', '글루코오스', '시트릭애씨드', '소듐시트레이트', '드럼스틱씨오일', '세룰라타벚나무꽃추출물', '소듐하이알루로네이트', '오레가노추출물', '타임꽃/잎/줄기추출물', '하이드록시프로필트라이모늄하이알루로네이트', '하이드롤라이즈드하이알루로닉애씨드', '소듐아세틸레이티드하이알루로네이트', '하이알루로닉애씨드', '하이드롤라이즈드소듐하이알루로네이트', '소듐하이알루로네이트크로스폴리머 포타슘하이알루로네이트', '향료', '시트로넬올', '리날룰', '제라니올', '리모넨', '헥실신남알', '시트랄']","정제수|세틸에틸헥사노에이트|1,2-헥산다이올|다이프로필렌글라이콜|글리세레스-26|폴리프로필실세스퀴옥세인|흰서양송로추출물|부틸렌글라이콜|하이드록시에틸우레아|지치뿌리추출물|마카다미아씨오일|베타인|아보카도오일|로즈힙열매오일|카프릴릭/카프릭트라이글리세라이드|석류추출물|다이포타슘글리시리제이트|다이소듐이디티에이|토코페롤|아데노신|사카라이드아이소머레이트|센티드제라늄꽃오일|펜타에리스리틸테트라-다이-t-부틸하이드록시하이드로신나메이트|한련초추출물|자일리틸글루코사이드|아크릴레이트/C10-30알킬아크릴레이트크로스폴리머|알지닌|안하이드로자일리톨|개똥쑥추출물|연꽃꽃추출물|쌀추출물|효모발효물|장미꽃오일|자일리톨|글리세린|인도멀구슬나무잎추출물|라벤더꽃추출물|캐모마일꽃추출물|녹차추출물|유칼립투스잎추출물|히비스커스꽃추출물|레몬밤추출물|올리브나무잎추출물|로즈마리잎추출물|포트마리골드꽃추출물|레몬그라스추출물|커먼자스민추출물|애플민트잎추출물|살비아추출물|티트리추출물|페퍼민트잎추출물|글루코오스|시트릭애씨드|소듐시트레이트|드럼스틱씨오일|세룰라타벚나무꽃추출물|소듐하이알루로네이트|오레가노추출물|타임꽃/잎/줄기추출물|하이드록시프로필트라이모늄하이알루로네이트|하이드롤라이즈드하이알루로닉애씨드|소듐아세틸레이티드하이알루로네이트|하이알루로닉애씨드|하이드롤라이즈드소듐하이알루로네이트|소듐하이알루로네이트크로스폴리머 포타슘하이알루로네이트|향료|시트로넬올|리날룰|제라니올|리모넨|헥실신남알|시트랄"
M18,미스트/오일,바이오힐보,프로바이오덤 3D 리프팅 크림 미스트,"정제수, 락토바실러스발효용해물, 글리세린, 세틸에틸헥사노에이트, 트라이에틸헥사노인, 메틸프로판다이올, 펜틸렌글라이콜, 하이드로제네이티드폴리데센, 락토바실러스발효물, 프룩토올리고사카라이드, 프룩탄, 이눌린, 판테놀, 베타인, 베타-글루칸, 아데노신, 사포닌, 수용성프로테오글리칸, 노나펩타이드-1, 아세틸테트라펩타이드-9, 아세틸테트라펩타이드-5, 아세틸헥사펩타이드-1, 아세틸헥사펩타이드-8, 팔미토일트라이펩타이드-8, 다이펩타이드다이아미노부티로일벤질아마이드다이아세테이트, 카퍼트라이펩타이드-1, 트라이펩타이드-1, 팔미토일테트라펩타이드-7, 팔미토일트라이펩타이드-1, 팔미토일트라이펩타이드-5, 팔미토일펜타펩타이드-4, 팔미토일헥사펩타이드-12, 펜타펩타이드-3, 헥사펩타이드-9, 올리고펩타이드-2, 병풀추출물, 쇠비름추출물, 지치뿌리추출물, 로즈마리잎추출물, 마트리카리아꽃추출물, 석류추출물, 양까막까치밥나무열매추출물, 참마뿌리추출물, 하이드로제네이티드레시틴, 오일팜오일, 1,2-헥산다이올, 부틸렌글라이콜, 에틸헥실글리세린, 하이드록시아세토페논, 카프릴릭/카프릭트라이글리세라이드, 셀룰로오스검, 폴리쿼터늄-51, 말토덱스트린, 토코페롤, 프로판다이올, 세테아릴글루코사이드, 세테아릴알코올, 소듐폴리아크릴레이트, 알진, 소듐스테아로일글루타메이트, 바이오사카라이드검-4, 잔탄검, 하이드롤라이즈드옥수수전분, 소듐포스페이트, 카프릴릴글라이콜, 수크로오스, 덱스트란, 미네랄솔트, 다이소듐포스페이트, 향료",4.8,"['정제수', '락토바실러스발효용해물', '글리세린', '세틸에틸헥사노에이트', '트라이에틸헥사노인', '메틸프로판다이올', '펜틸렌글라이콜', '하이드로제네이티드폴리데센', '락토바실러스발효물', '프룩토올리고사카라이드', '프룩탄', '이눌린', '판테놀', '베타인', '베타-글루칸', '아데노신', '사포닌', '수용성프로테오글리칸', '노나펩타이드-1', '아세틸테트라펩타이드-9', '아세틸테트라펩타이드-5', '아세틸헥사펩타이드-1', '아세틸헥사펩타이드-8', '팔미토일트라이펩타이드-8', '다이펩타이드다이아미노부티로일벤질아마이드다이아세테이트', '카퍼트라이펩타이드-1', '트라이펩타이드-1', '팔미토일테트라펩타이드-7', '팔미토일트라이펩타이드-1', '팔미토일트라이펩타이드-5', '팔미토일펜타펩타이드-4', '팔미토일헥사펩타이드-12', '펜타펩타이드-3', '헥사펩타이드-9', '올리고펩타이드-2', '병풀추출물', '쇠비름추출물', '지치뿌리추출물', '로즈마리잎추출물', '마트리카리아꽃추출물', '석류추출물', '양까막까치밥나무열매추출물', '참마뿌리추출물', '하이드로제네이티드레시틴', '오일팜오일', '1,2-헥산다이올', '부틸렌글라이콜', '글리세린', '하이드록시아세토페논', '카프릴릭/카프릭트라이글리세라이드', '셀룰로오스검', '폴리쿼터늄-51', '말토덱스트린', '토코페롤', '프로판다이올', '세테아릴글루코사이드', '세테아릴알코올', '소듐폴리아크릴레이트', '알진', '소듐스테아로일글루타메이트', '바이오사카라이드검-4', '잔탄검', '하이드롤라이즈드옥수수전분', '소듐포스페이트', '카프릴릴글라이콜', '수크로오스', '덱스트란', '미네랄솔트', '다이소듐포스페이트', '향료']","정제수|락토바실러스발효용해물|글리세린|세틸에틸헥사노에이트|트라이에틸헥사노인|메틸프로판다이올|펜틸렌글라이콜|하이드로제네이티드폴리데센|락토바실러스발효물|프룩토올리고사카라이드|프룩탄|이눌린|판테놀|베타인|베타-글루칸|아데노신|사포닌|수용성프로테오글리칸|노나펩타이드-1|아세틸테트라펩타이드-9|아세틸테트라펩타이드-5|아세틸헥사펩타이드-1|아세틸헥사펩타이드-8|팔미토일트라이펩타이드-8|다이펩타이드다이아미노부티로일벤질아마이드다이아세테이트|카퍼트라이펩타이드-1|트라이펩타이드-1|팔미토일테트라펩타이드-7|팔미토일트라이펩타이드-1|팔미토일트라이펩타이드-5|팔미토일펜타펩타이드-4|팔미토일헥사펩타이드-12|펜타펩타이드-3|헥사펩타이드-9|올리고펩타이드-2|병풀추출물|쇠비름추출물|지치뿌리추출물|로즈마리잎추출물|마트리카리아꽃추출물|석류추출물|양까막까치밥나무열매추출물|참마뿌리추출물|하이드로제네이티드레시틴|오일팜오일|1,2-헥산다이올|부틸렌글라이콜|글리세린|하이드록시아세토페논|카프릴릭/카프릭트라이글리세라이드|셀룰로오스검|폴리쿼터늄-51|말토덱스트린|토코페롤|프로판다이올|세테아릴글루코사이드|세테아릴알코올|소듐폴리아크릴레이트|알진|소듐스테아로일글루타메이트|바이오사카라이드검-4|잔탄검|하이드롤라이즈드옥수수전분|소듐포스페이트|카프릴릴글라이콜|수크로오스|덱스트란|미네랄솔트|다이소듐포스페이트|향료"
M21,미스트/오일,이즈앤트리,히아루론산 워터 미스트,"정제수, 프로판다이올,1,2-헥산다이올,카프릴릭/카프릭트라이글리세라이드,폴리글리세릴-10라우레이트,솔비탄세스퀴올리에이트,소듐하이알루로네이트(1,100ppm),에틸헥실글리세린,펜틸렌글라이콜,트레할로오스,병풀추출물,베타인,베타-글루칸,소듐피씨에이,포도즙추출물,소듐하이알루로네이트크로스폴리머(100ppm),하이드롤라이즈드하이알루로닉애씨드(100ppm),자일리틸글루코사이드,안하이드로자일리톨,하이알루로닉애씨드(10ppm),하이드롤라이즈드소듐하이알루로네이트(10ppm,),센티드제라늄꽃오일,알란토인,자일리톨,시트로넬올,리날룰,리모넨,제라니올,시트랄 *히아루론산 1%솔루션 10%함유",4.8,"['정제수', '프로판다이올', '1,2-헥산다이올', '카프릴릭/카프릭트라이글리세라이드', '폴리글리세릴-10라우레이트', '솔비탄세스퀴올리에이트', '소듐하이알루로네이트', '글리세린', '펜틸렌글라이콜', '트레할로오스', '병풀추출물', '베타인', '베타-글루칸', '소듐피씨에이', '포도즙추출물', '소듐하이알루로네이트크로스폴리머', '하이드롤라이즈드하이알루로닉애씨드', '자일리틸글루코사이드', '안하이드로자일리톨', '하이알루로닉애씨드', '하이드롤라이즈드소듐하이알루로네이트', '센티드제라늄꽃오일', '알란토인', '자일리톨', '시트로넬올', '리날룰', '리모넨', '제라니올', '시트랄 *히아루론산 1%솔루션 10%함유']","정제수|프로판다이올|1,2-헥산다이올|카프릴릭/카프릭트라이글리세라이드|폴리글리세릴-10라우레이트|솔비탄세스퀴올리에이트|소듐하이알루로네이트|글리세린|펜틸렌글라이콜|트레할로오스|병풀추출물|베타인|베타-글루칸|소듐피씨에이|포도즙추출물|소듐하이알루로네이트크로스폴리머|하이드롤라이즈드하이알루로닉애씨드|자일리틸글루코사이드|안하이드로자일리톨|하이알루로닉애씨드|하이드롤라이즈드소듐하이알루로네이트|센티드제라늄꽃오일|알란토인|자일리톨|시트로넬올|리날룰|리모넨|제라니올|시트랄 *히아루론산 1%솔루션 10%함유"
M11,미스트/오일,VT,피디알엔 글로우 앰플 미스트,"정제수, 메틸프로판다이올, 메도우폼씨오일, 나이아신아마이드, 부틸렌글라이콜, 글리세린, 트라이에틸헥사노인, 폴리글리세린-3, 다이프로필렌글라이콜, 1,2-헥산다이올, 하이드록시아세토페논, 소듐시트레이트, 폴리글리세릴-10미리스테이트, 에틸헥실글리세린, 시트릭애씨드, 아데노신, 소듐파이테이트, 판테놀, 알란토인, 다이소듐이디티에이, 스쿠알란, 카프릴릭/카프릭트라이글리세라이드, 세라마이드엔피, 바오밥나무씨오일, 하이드로제네이티드레시틴, 폴리글루쿠로나익애씨드, 토코페롤, 소듐하이알루로네이트, 세라마이드에이에스, 세라마이드엔에스, 세라마이드에이피, 세라마이드이오피, 산양삼추출물, 소듐디엔에이 (0.5ppb)",5.0,"['정제수', '메틸프로판다이올', '메도우폼씨오일', '나이아신아마이드', '부틸렌글라이콜', '글리세린', '트라이에틸헥사노인', '글리세린-3', '다이프로필렌글라이콜', '1,2-헥산다이올', '하이드록시아세토페논', '소듐시트레이트', '폴리글리세릴-10미리스테이트', '글리세린', '시트릭애씨드', '아데노신', '소듐파이테이트', '판테놀', '알란토인', '다이소듐이디티에이', '스쿠알란', '카프릴릭/카프릭트라이글리세라이드', '세라마이드엔피', '바오밥나무씨오일', '하이드로제네이티드레시틴', '폴리글루쿠로나익애씨드', '토코페롤', '소듐하이알루로네이트', '세라마이드에이에스', '세라마이드엔에스', '세라마이드에이피', '세라마이드이오피', '산양삼추출물', '소듐디엔에이']","정제수|메틸프로판다이올|메도우폼씨오일|나이아신아마이드|부틸렌글라이콜|글리세린|트라이에틸헥사노인|글리세린-3|다이프로필렌글라이콜|1,2-헥산다이올|하이드록시아세토페논|소듐시트레이트|폴리글리세릴-10미리스테이트|글리세린|시트릭애씨드|아데노신|소듐파이테이트|판테놀|알란토인|다이소듐이디티에이|스쿠알란|카프릴릭/카프릭트라이글리세라이드|세라마이드엔피|바오밥나무씨오일|하이드로제네이티드레시틴|폴리글루쿠로나익애씨드|토코페롤|소듐하이알루로네이트|세라마이드에이에스|세라마이드엔에스|세라마이드에이피|세라마이드이오피|산양삼추출물|소듐디엔에이"
M61,미스트/오일,뉴라덤,메디톡스 카밍 오로라 미스트,"정제수, 다이프로필렌글라이콜, 글리세린, 1,2-헥산다이올, 부틸렌글라이콜, 판테놀, 하이드로제네이티드레시틴, 세테아릴알코올, 솔비탄스테아레이트, 글리세릴스테아레이트, 자일리톨, 세라마이드엔피, 쇠비름추출물, 아데노신, 향료, 포스페이트버퍼드셀라인, 자일리틸글루코사이드, 안하이드로자일리톨, 인카르나타시계꽃전초추출물, 아르니카 몬타나꽃추출물, 참당귀뿌리추출물, 알파-글루칸올리고사카라이드, 에델바이스캘러스배양추출물, 겔리듐 카르틸라기네움추출물, 아세틸올리고펩타이드-99아마이드, 두충나무껍질추출물, 스테아릭애씨드, 당호박씨추출물, 당호박추출물, 세라마이드엔에스, 피토스핑고신, 카퍼트라이펩타이드-1, 콜레스테롤, 세라마이드에이에스, 세라마이드에이피, 트라이펩타이드-1, 팔미토일펜타펩타이드-4, 올리고펩타이드-1, 다이펩타이드-2, 세라마이드이오피",4.9,"['정제수', '다이프로필렌글라이콜', '글리세린', '1,2-헥산다이올', '부틸렌글라이콜', '판테놀', '하이드로제네이티드레시틴', '세테아릴알코올', '솔비탄스테아레이트', '글리세릴스테아레이트', '자일리톨', '세라마이드엔피', '쇠비름추출물', '아데노신', '향료', '포스페이트버퍼드셀라인', '자일리틸글루코사이드', '안하이드로자일리톨', '인카르나타시계꽃전초추출물', '아르니카 몬타나꽃추출물', '참당귀뿌리추출물', '알파-글루칸올리고사카라이드', '에델바이스캘러스배양추출물', '겔리듐 카르틸라기네움추출물', '아세틸올리고펩타이드-99아마이드', '두충나무껍질추출물', '스테아릭애씨드', '당호박씨추출물', '당호박추출물', '세라마이드엔에스', '피토스핑고신', '카퍼트라이펩타이드-1', '콜레스테롤', '세라마이드에이에스', '세라마이드에이피', '트라이펩타이드-1', '팔미토일펜타펩타이드-4', '올리고펩타이드-1', '다이펩타이드-2', '세라마이드이오피']","정제수|다이프로필렌글라이콜|글리세린|1,2-헥산다이올|부틸렌글라이콜|판테놀|하이드로제네이티드레시틴|세테아릴알코올|솔비탄스테아레이트|글리세릴스테아레이트|자일리톨|세라마이드엔피|쇠비름추출물|아데노신|향료|포스페이트버퍼드셀라인|자일리틸글루코사이드|안하이드로자일리톨|인카르나타시계꽃전초추출물|아르니카 몬타나꽃추출물|참당귀뿌리추출물|알파-글루칸올리고사카라이드|에델바이스캘러스배양추출물|겔리듐 카르틸라기네움추출물|아세틸올리고펩타이드-99아마이드|두충나무껍질추출물|스테아릭애씨드|당호박씨추출물|당호박추출물|세라마이드엔에스|피토스핑고신|카퍼트라이펩타이드-1|콜레스테롤|세라마이드에이에스|세라마이드에이피|트라이펩타이드-1|팔미토일펜타펩타이드-4|올리고펩타이드-1|다이펩타이드-2|세라마이드이오피"
